date,city,sessions,listing_views,clicks,bookings,nightly_rate,nights_per_booking,avg_booking_value,gross_booking_value,competitor_hotel_index,pricing_algo_version,marketing_campaign_version
2026-01-01,London,53720,32673,9066,980,186.31,3.45,643.4,630531.46,210.74,PRICE_ALGO_V11,CAMPAIGN_SPRING_2026
2026-01-01,Paris,47420,29308,8051,870,175.03,3.36,587.93,511496.3,193.15,PRICE_ALGO_V11,CAMPAIGN_SPRING_2026
2026-01-01,New York,63070,39173,10845,1199,232.14,3.44,798.91,957897.96,257.43,PRICE_ALGO_V11,CAMPAIGN_SPRING_2026
2026-01-01,Tokyo,35288,21738,6002,678,139.31,3.35,466.03,315965.42,163.66,PRICE_ALGO_V11,CAMPAIGN_SPRING_2026
2026-01-01,Berlin,23102,14382,4076,454,120.13,3.38,406.46,184532.37,141.32,PRICE_ALGO_V11,CAMPAIGN_SPRING_2026
2026-01-01,Madrid,31804,19978,5620,631,130.3,3.34,434.98,274470.63,150.61,PRICE_ALGO_V11,CAMPAIGN_SPRING_2026
2026-01-02,London,49764,30593,8422,911,182.79,3.42,624.84,569232.75,209.07,PRICE_ALGO_V11,CAMPAIGN_SPRING_2026
2026-01-02,Paris,46450,28649,7928,859,177.29,3.41,605.43,520060.61,195.58,PRICE_ALGO_V11,CAMPAIGN_SPRING_2026
2026-01-02,New York,58106,36355,10042,1096,233.38,3.41,795.29,871639.78,260.73,PRICE_ALGO_V11,CAMPAIGN_SPRING_2026
2026-01-02,Tokyo,33753,21213,6005,649,138.03,3.37,464.96,301757.91,164.39,PRICE_ALGO_V11,CAMPAIGN_SPRING_2026
2026-01-02,Berlin,21025,13266,3770,410,120.56,3.46,416.7,170846.81,139.71,PRICE_ALGO_V11,CAMPAIGN_SPRING_2026
2026-01-02,Madrid,30227,18564,5145,568,129.07,3.45,445.84,253235.64,150.25,PRICE_ALGO_V11,CAMPAIGN_SPRING_2026
2026-01-03,London,49067,30079,8589,945,182.73,3.35,611.58,577942.88,208.1,PRICE_ALGO_V11,CAMPAIGN_SPRING_2026
2026-01-03,Paris,46125,28931,8075,864,174.38,3.4,593.58,512850.84,196.93,PRICE_ALGO_V11,CAMPAIGN_SPRING_2026
2026-01-03,New York,60213,37870,10396,1158,231.25,3.37,778.93,902000.31,260.19,PRICE_ALGO_V11,CAMPAIGN_SPRING_2026
2026-01-03,Tokyo,32707,19963,5575,611,141.91,3.37,477.91,292005.51,166.24,PRICE_ALGO_V11,CAMPAIGN_SPRING_2026
2026-01-03,Berlin,20928,12808,3645,409,119.27,3.41,407.3,166585.95,140.39,PRICE_ALGO_V11,CAMPAIGN_SPRING_2026
2026-01-03,Madrid,28669,17961,5037,563,130.12,3.38,439.29,247320.69,148.5,PRICE_ALGO_V11,CAMPAIGN_SPRING_2026
2026-01-04,London,48046,30299,8612,966,183.93,3.45,634.82,613239.59,208.14,PRICE_ALGO_V11,CAMPAIGN_SPRING_2026
2026-01-04,Paris,47772,29127,8150,873,176.37,3.35,590.74,515714.55,196.04,PRICE_ALGO_V11,CAMPAIGN_SPRING_2026
2026-01-04,New York,58499,36341,10079,1133,229.47,3.41,781.42,885352.44,258.5,PRICE_ALGO_V11,CAMPAIGN_SPRING_2026
2026-01-04,Tokyo,33271,20381,5663,641,140.63,3.4,478.48,306703.38,164.8,PRICE_ALGO_V11,CAMPAIGN_SPRING_2026
2026-01-04,Berlin,20499,12569,3496,386,119.03,3.34,397.75,153532.23,139.22,PRICE_ALGO_V11,CAMPAIGN_SPRING_2026
2026-01-04,Madrid,30100,18459,5252,590,128.33,3.42,439.26,259162.59,149.21,PRICE_ALGO_V11,CAMPAIGN_SPRING_2026
2026-01-05,London,50811,31039,8842,976,184.85,3.44,636.21,620945.43,211.2,PRICE_ALGO_V11,CAMPAIGN_SPRING_2026
2026-01-05,Paris,46811,28554,7973,873,174.83,3.42,598.53,522519.64,195.89,PRICE_ALGO_V11,CAMPAIGN_SPRING_2026
2026-01-05,New York,63362,38653,10780,1174,232.5,3.36,780.69,916529.39,258.69,PRICE_ALGO_V11,CAMPAIGN_SPRING_2026
2026-01-05,Tokyo,33860,20927,5807,629,141.78,3.45,489.01,307588.35,164.81,PRICE_ALGO_V11,CAMPAIGN_SPRING_2026
2026-01-05,Berlin,22088,13448,3840,430,121.69,3.45,419.51,180389.86,141.19,PRICE_ALGO_V11,CAMPAIGN_SPRING_2026
2026-01-05,Madrid,30172,18695,5174,565,128.28,3.47,444.61,251207.0,149.64,PRICE_ALGO_V11,CAMPAIGN_SPRING_2026
2026-01-06,London,53017,33244,9291,1017,187.54,3.41,639.05,649915.85,212.08,PRICE_ALGO_V11,CAMPAIGN_SPRING_2026
2026-01-06,Paris,50747,31028,8617,974,175.42,3.43,602.33,586668.65,195.16,PRICE_ALGO_V11,CAMPAIGN_SPRING_2026
2026-01-06,New York,61139,38033,10650,1196,227.64,3.34,760.96,910113.23,262.4,PRICE_ALGO_V11,CAMPAIGN_SPRING_2026
2026-01-06,Tokyo,34441,21434,6043,654,138.4,3.37,465.8,304629.95,166.29,PRICE_ALGO_V11,CAMPAIGN_SPRING_2026
2026-01-06,Berlin,23032,14348,4004,442,120.08,3.36,403.45,178324.49,141.22,PRICE_ALGO_V11,CAMPAIGN_SPRING_2026
2026-01-06,Madrid,32768,20103,5605,622,129.22,3.43,443.77,276027.56,149.45,PRICE_ALGO_V11,CAMPAIGN_SPRING_2026
2026-01-07,London,52669,32600,9309,1054,182.63,3.37,615.12,648331.74,208.8,PRICE_ALGO_V11,CAMPAIGN_SPRING_2026
2026-01-07,Paris,52084,32784,9318,1016,173.2,3.43,593.69,603184.26,196.3,PRICE_ALGO_V11,CAMPAIGN_SPRING_2026
2026-01-07,New York,64545,40797,11493,1226,232.19,3.42,794.6,974177.98,258.96,PRICE_ALGO_V11,CAMPAIGN_SPRING_2026
2026-01-07,Tokyo,36909,22548,6216,667,140.22,3.41,478.76,319332.37,164.25,PRICE_ALGO_V11,CAMPAIGN_SPRING_2026
2026-01-07,Berlin,23474,14381,4048,438,119.96,3.45,413.51,181115.67,141.13,PRICE_ALGO_V11,CAMPAIGN_SPRING_2026
2026-01-07,Madrid,31450,19439,5394,575,131.06,3.37,441.35,253777.5,150.41,PRICE_ALGO_V11,CAMPAIGN_SPRING_2026
2026-01-08,London,54153,33644,9393,1002,182.64,3.45,631.02,632280.23,211.61,PRICE_ALGO_V11,CAMPAIGN_SPRING_2026
2026-01-08,Paris,49220,30924,8687,935,173.04,3.45,597.74,558886.46,194.25,PRICE_ALGO_V11,CAMPAIGN_SPRING_2026
2026-01-08,New York,63799,40126,11414,1233,228.27,3.44,784.82,967683.26,257.93,PRICE_ALGO_V11,CAMPAIGN_SPRING_2026
2026-01-08,Tokyo,35805,22115,6222,670,141.81,3.46,491.32,329186.14,166.2,PRICE_ALGO_V11,CAMPAIGN_SPRING_2026
2026-01-08,Berlin,23036,14500,3982,444,119.4,3.44,410.85,182419.0,141.21,PRICE_ALGO_V11,CAMPAIGN_SPRING_2026
2026-01-08,Madrid,32594,20459,5675,635,128.47,3.45,443.07,281348.65,151.12,PRICE_ALGO_V11,CAMPAIGN_SPRING_2026
2026-01-09,London,49742,31230,8730,949,186.64,3.34,622.48,590735.78,208.86,PRICE_ALGO_V11,CAMPAIGN_SPRING_2026
2026-01-09,Paris,45805,28204,8012,906,173.84,3.39,588.69,533349.11,195.55,PRICE_ALGO_V11,CAMPAIGN_SPRING_2026
2026-01-09,New York,61973,38478,10963,1178,233.25,3.46,807.71,951479.84,258.33,PRICE_ALGO_V11,CAMPAIGN_SPRING_2026
2026-01-09,Tokyo,32638,19918,5562,620,139.22,3.4,473.56,293604.47,165.35,PRICE_ALGO_V11,CAMPAIGN_SPRING_2026
2026-01-09,Berlin,21325,13262,3676,409,118.21,3.41,402.52,164630.21,141.19,PRICE_ALGO_V11,CAMPAIGN_SPRING_2026
2026-01-09,Madrid,30859,19317,5445,594,128.32,3.38,433.33,257400.7,150.49,PRICE_ALGO_V11,CAMPAIGN_SPRING_2026
2026-01-10,London,48728,30631,8652,940,183.94,3.39,622.96,585582.07,209.62,PRICE_ALGO_V11,CAMPAIGN_SPRING_2026
2026-01-10,Paris,44913,27430,7655,864,175.93,3.42,600.93,519202.66,196.57,PRICE_ALGO_V11,CAMPAIGN_SPRING_2026
2026-01-10,New York,57102,35471,9733,1056,229.52,3.42,785.18,829154.5,260.42,PRICE_ALGO_V11,CAMPAIGN_SPRING_2026
2026-01-10,Tokyo,32252,19949,5521,606,141.68,3.36,475.36,288070.64,165.98,PRICE_ALGO_V11,CAMPAIGN_SPRING_2026
2026-01-10,Berlin,20232,12551,3532,384,121.15,3.42,414.74,159261.88,140.7,PRICE_ALGO_V11,CAMPAIGN_SPRING_2026
2026-01-10,Madrid,28839,17664,4851,525,129.9,3.34,434.12,227914.86,151.05,PRICE_ALGO_V11,CAMPAIGN_SPRING_2026
2026-01-11,London,49625,30927,8553,951,184.97,3.42,632.82,601811.49,208.92,PRICE_ALGO_V11,CAMPAIGN_SPRING_2026
2026-01-11,Paris,44299,27741,7851,843,174.61,3.46,604.54,509626.36,193.74,PRICE_ALGO_V11,CAMPAIGN_SPRING_2026
2026-01-11,New York,58699,35738,9906,1112,229.7,3.42,786.21,874269.5,261.57,PRICE_ALGO_V11,CAMPAIGN_SPRING_2026
2026-01-11,Tokyo,33946,21126,6021,677,140.47,3.4,477.7,323402.87,165.72,PRICE_ALGO_V11,CAMPAIGN_SPRING_2026
2026-01-11,Berlin,21699,13479,3834,427,119.91,3.37,403.57,172323.58,139.33,PRICE_ALGO_V11,CAMPAIGN_SPRING_2026
2026-01-11,Madrid,30116,18870,5288,586,129.12,3.37,435.25,255055.59,148.73,PRICE_ALGO_V11,CAMPAIGN_SPRING_2026
2026-01-12,London,51050,31422,8812,948,183.51,3.43,629.08,596368.35,210.81,PRICE_ALGO_V11,CAMPAIGN_SPRING_2026
2026-01-12,Paris,46326,28615,8025,878,173.46,3.46,599.32,526200.68,194.69,PRICE_ALGO_V11,CAMPAIGN_SPRING_2026
2026-01-12,New York,61410,38371,10897,1217,229.17,3.38,774.57,942655.82,257.43,PRICE_ALGO_V11,CAMPAIGN_SPRING_2026
2026-01-12,Tokyo,34689,21811,6217,680,141.04,3.41,481.52,327430.23,165.15,PRICE_ALGO_V11,CAMPAIGN_SPRING_2026
2026-01-12,Berlin,21508,13185,3682,393,119.41,3.39,404.44,158945.06,140.5,PRICE_ALGO_V11,CAMPAIGN_SPRING_2026
2026-01-12,Madrid,30169,18680,5152,570,128.16,3.41,436.85,249004.43,149.68,PRICE_ALGO_V11,CAMPAIGN_SPRING_2026
2026-01-13,London,51988,32416,8944,981,182.5,3.36,613.36,601703.33,209.49,PRICE_ALGO_V11,CAMPAIGN_SPRING_2026
2026-01-13,Paris,49185,30813,8585,958,176.74,3.34,590.88,566058.38,194.03,PRICE_ALGO_V11,CAMPAIGN_SPRING_2026
2026-01-13,New York,60947,37846,10808,1178,231.04,3.42,790.29,930962.38,261.46,PRICE_ALGO_V11,CAMPAIGN_SPRING_2026
2026-01-13,Tokyo,36047,22751,6293,672,138.54,3.42,474.23,318681.8,163.77,PRICE_ALGO_V11,CAMPAIGN_SPRING_2026
2026-01-13,Berlin,22977,14085,3975,444,118.8,3.43,407.94,181125.16,140.3,PRICE_ALGO_V11,CAMPAIGN_SPRING_2026
2026-01-13,Madrid,31218,19602,5590,600,128.15,3.42,438.8,263280.83,149.44,PRICE_ALGO_V11,CAMPAIGN_SPRING_2026
2026-01-14,London,56533,34905,9857,1056,186.06,3.35,622.52,657384.77,210.53,PRICE_ALGO_V11,CAMPAIGN_SPRING_2026
2026-01-14,Paris,51437,32337,9090,977,177.54,3.38,599.95,586148.5,196.1,PRICE_ALGO_V11,CAMPAIGN_SPRING_2026
2026-01-14,New York,63606,39231,10987,1197,232.41,3.35,777.73,930946.28,261.68,PRICE_ALGO_V11,CAMPAIGN_SPRING_2026
2026-01-14,Tokyo,36971,23046,6537,728,139.73,3.46,483.92,352296.83,165.77,PRICE_ALGO_V11,CAMPAIGN_SPRING_2026
2026-01-14,Berlin,22648,14214,3985,437,119.77,3.37,403.44,176302.82,140.65,PRICE_ALGO_V11,CAMPAIGN_SPRING_2026
2026-01-14,Madrid,33425,20997,5781,650,129.0,3.42,440.54,286350.55,149.89,PRICE_ALGO_V11,CAMPAIGN_SPRING_2026
2026-01-15,London,52613,32005,9087,980,183.4,3.38,619.59,607193.61,211.25,PRICE_ALGO_V11,CAMPAIGN_SPRING_2026
2026-01-15,Paris,50533,31582,8763,935,177.35,3.43,608.31,568766.2,193.38,PRICE_ALGO_V11,CAMPAIGN_SPRING_2026
2026-01-15,New York,62266,39003,11004,1221,229.94,3.34,769.06,939020.9,261.52,PRICE_ALGO_V11,CAMPAIGN_SPRING_2026
2026-01-15,Tokyo,33963,21218,5894,651,139.89,3.39,474.2,308704.78,165.1,PRICE_ALGO_V11,CAMPAIGN_SPRING_2026
2026-01-15,Berlin,22919,14113,3983,432,119.11,3.36,399.98,172790.31,138.94,PRICE_ALGO_V11,CAMPAIGN_SPRING_2026
2026-01-15,Madrid,30708,19066,5394,582,128.89,3.43,442.18,257346.51,149.95,PRICE_ALGO_V11,CAMPAIGN_SPRING_2026
2026-01-16,London,52811,32775,9097,976,183.3,3.36,615.24,600471.08,208.86,PRICE_ALGO_V11,CAMPAIGN_SPRING_2026
2026-01-16,Paris,45133,28020,7774,879,175.28,3.35,587.04,516011.39,195.77,PRICE_ALGO_V11,CAMPAIGN_SPRING_2026
2026-01-16,New York,61435,38075,10819,1195,229.79,3.36,771.42,921844.52,259.69,PRICE_ALGO_V11,CAMPAIGN_SPRING_2026
2026-01-16,Tokyo,32068,20232,5659,634,139.58,3.42,477.04,302442.98,163.59,PRICE_ALGO_V11,CAMPAIGN_SPRING_2026
2026-01-16,Berlin,20754,12686,3561,387,121.78,3.44,418.43,161930.56,138.93,PRICE_ALGO_V11,CAMPAIGN_SPRING_2026
2026-01-16,Madrid,30585,19183,5312,585,129.81,3.45,447.7,261905.74,149.83,PRICE_ALGO_V11,CAMPAIGN_SPRING_2026
2026-01-17,London,51404,31622,8897,985,186.33,3.36,626.13,616733.59,211.88,PRICE_ALGO_V11,CAMPAIGN_SPRING_2026
2026-01-17,Paris,44604,27831,7685,828,172.77,3.39,586.25,485416.58,193.06,PRICE_ALGO_V11,CAMPAIGN_SPRING_2026
2026-01-17,New York,58461,35943,9955,1108,231.4,3.43,792.66,878266.37,259.76,PRICE_ALGO_V11,CAMPAIGN_SPRING_2026
2026-01-17,Tokyo,33439,20970,5900,655,141.82,3.41,483.05,316399.25,164.75,PRICE_ALGO_V11,CAMPAIGN_SPRING_2026
2026-01-17,Berlin,21174,13342,3784,405,118.8,3.43,407.93,165212.93,139.46,PRICE_ALGO_V11,CAMPAIGN_SPRING_2026
2026-01-17,Madrid,29652,18228,5027,559,130.78,3.4,444.66,248563.19,151.33,PRICE_ALGO_V11,CAMPAIGN_SPRING_2026
2026-01-18,London,49942,30444,8367,916,184.01,3.34,615.42,563724.54,208.95,PRICE_ALGO_V11,CAMPAIGN_SPRING_2026
2026-01-18,Paris,47828,30051,8439,953,177.62,3.37,598.35,570227.09,195.67,PRICE_ALGO_V11,CAMPAIGN_SPRING_2026
2026-01-18,New York,56459,35363,9889,1097,232.87,3.41,794.46,871526.45,258.34,PRICE_ALGO_V11,CAMPAIGN_SPRING_2026
2026-01-18,Tokyo,33023,20467,5637,614,139.3,3.45,480.4,294963.65,165.56,PRICE_ALGO_V11,CAMPAIGN_SPRING_2026
2026-01-18,Berlin,20852,13028,3616,408,121.13,3.39,411.09,167726.3,140.14,PRICE_ALGO_V11,CAMPAIGN_SPRING_2026
2026-01-18,Madrid,29346,18065,5153,563,130.06,3.42,444.98,250524.98,151.46,PRICE_ALGO_V11,CAMPAIGN_SPRING_2026
2026-01-19,London,52177,32237,8913,972,186.42,3.44,640.43,622498.71,210.53,PRICE_ALGO_V11,CAMPAIGN_SPRING_2026
2026-01-19,Paris,46861,29111,8290,908,176.04,3.46,609.87,553758.9,193.52,PRICE_ALGO_V11,CAMPAIGN_SPRING_2026
2026-01-19,New York,61531,37751,10425,1150,230.36,3.47,798.65,918444.92,257.88,PRICE_ALGO_V11,CAMPAIGN_SPRING_2026
2026-01-19,Tokyo,35123,21742,5994,672,139.99,3.4,476.15,319969.92,165.71,PRICE_ALGO_V11,CAMPAIGN_SPRING_2026
2026-01-19,Berlin,21601,13571,3872,419,120.18,3.46,415.52,174104.12,139.67,PRICE_ALGO_V11,CAMPAIGN_SPRING_2026
2026-01-19,Madrid,31020,19524,5546,601,131.13,3.46,453.59,272607.46,149.74,PRICE_ALGO_V11,CAMPAIGN_SPRING_2026
2026-01-20,London,54066,33950,9423,1024,185.48,3.4,630.38,645508.29,212.1,PRICE_ALGO_V11,CAMPAIGN_SPRING_2026
2026-01-20,Paris,48474,30100,8375,924,175.23,3.38,591.53,546571.87,194.83,PRICE_ALGO_V11,CAMPAIGN_SPRING_2026
2026-01-20,New York,61805,38621,10844,1173,231.9,3.43,796.18,933921.4,257.63,PRICE_ALGO_V11,CAMPAIGN_SPRING_2026
2026-01-20,Tokyo,35909,22540,6282,697,141.35,3.4,480.49,334901.86,166.59,PRICE_ALGO_V11,CAMPAIGN_SPRING_2026
2026-01-20,Berlin,22013,13649,3835,431,121.35,3.4,413.01,178006.61,139.83,PRICE_ALGO_V11,CAMPAIGN_SPRING_2026
2026-01-20,Madrid,32100,20079,5601,621,128.65,3.46,445.63,276733.95,149.91,PRICE_ALGO_V11,CAMPAIGN_SPRING_2026
2026-01-21,London,53830,33631,9473,1064,186.96,3.38,632.6,673084.07,211.51,PRICE_ALGO_V11,CAMPAIGN_SPRING_2026
2026-01-21,Paris,49601,31021,8776,986,172.56,3.42,589.79,581536.85,193.32,PRICE_ALGO_V11,CAMPAIGN_SPRING_2026
2026-01-21,New York,66127,41814,11823,1295,227.23,3.45,784.09,1015400.9,260.7,PRICE_ALGO_V11,CAMPAIGN_SPRING_2026
2026-01-21,Tokyo,35496,22178,6310,675,141.24,3.38,477.82,322531.69,164.32,PRICE_ALGO_V11,CAMPAIGN_SPRING_2026
2026-01-21,Berlin,22418,13916,3906,437,118.81,3.45,409.95,179149.37,138.82,PRICE_ALGO_V11,CAMPAIGN_SPRING_2026
2026-01-21,Madrid,32822,20138,5731,616,129.85,3.37,437.16,269293.06,149.26,PRICE_ALGO_V11,CAMPAIGN_SPRING_2026
2026-01-22,London,51042,32031,9112,1013,183.1,3.38,618.7,626743.4,209.76,PRICE_ALGO_V11,CAMPAIGN_SPRING_2026
2026-01-22,Paris,49384,30788,8594,931,176.81,3.38,598.39,557101.97,193.83,PRICE_ALGO_V11,CAMPAIGN_SPRING_2026
2026-01-22,New York,62239,38182,10721,1184,233.4,3.47,808.73,957535.89,258.94,PRICE_ALGO_V11,CAMPAIGN_SPRING_2026
2026-01-22,Tokyo,35177,21612,6067,674,141.03,3.41,481.53,324554.4,163.51,PRICE_ALGO_V11,CAMPAIGN_SPRING_2026
2026-01-22,Berlin,22471,14157,3930,440,120.39,3.42,411.55,181080.79,139.59,PRICE_ALGO_V11,CAMPAIGN_SPRING_2026
2026-01-22,Madrid,31978,19967,5640,626,131.32,3.45,453.69,284010.52,150.38,PRICE_ALGO_V11,CAMPAIGN_SPRING_2026
2026-01-23,London,51467,31665,8845,977,186.29,3.37,628.19,613745.22,208.28,PRICE_ALGO_V11,CAMPAIGN_SPRING_2026
2026-01-23,Paris,47888,29305,8084,891,177.48,3.46,613.4,546536.08,195.12,PRICE_ALGO_V11,CAMPAIGN_SPRING_2026
2026-01-23,New York,61254,37608,10667,1172,232.11,3.38,784.1,918963.85,261.28,PRICE_ALGO_V11,CAMPAIGN_SPRING_2026
2026-01-23,Tokyo,32238,20357,5618,635,141.51,3.47,490.38,311391.07,165.74,PRICE_ALGO_V11,CAMPAIGN_SPRING_2026
2026-01-23,Berlin,22327,14011,3902,436,118.25,3.39,401.32,174976.93,140.1,PRICE_ALGO_V11,CAMPAIGN_SPRING_2026
2026-01-23,Madrid,30746,19193,5392,604,131.72,3.36,443.07,267614.33,148.83,PRICE_ALGO_V11,CAMPAIGN_SPRING_2026
2026-01-24,London,47585,29956,8408,947,183.45,3.44,631.82,598335.71,208.17,PRICE_ALGO_V11,CAMPAIGN_SPRING_2026
2026-01-24,Paris,47155,29004,8091,870,177.34,3.4,602.79,524425.46,194.24,PRICE_ALGO_V11,CAMPAIGN_SPRING_2026
2026-01-24,New York,56156,35356,9755,1070,231.18,3.46,800.02,856022.5,261.26,PRICE_ALGO_V11,CAMPAIGN_SPRING_2026
2026-01-24,Tokyo,32133,20115,5554,607,138.32,3.39,468.55,284407.18,164.96,PRICE_ALGO_V11,CAMPAIGN_SPRING_2026
2026-01-24,Berlin,21683,13192,3674,402,121.62,3.35,406.89,163568.93,141.0,PRICE_ALGO_V11,CAMPAIGN_SPRING_2026
2026-01-24,Madrid,29926,18587,5303,578,129.6,3.35,433.99,250845.95,149.07,PRICE_ALGO_V11,CAMPAIGN_SPRING_2026
2026-01-25,London,51358,31784,8957,993,185.54,3.44,638.07,633603.44,207.99,PRICE_ALGO_V11,CAMPAIGN_SPRING_2026
2026-01-25,Paris,45177,27590,7745,829,176.39,3.36,592.92,491529.79,193.86,PRICE_ALGO_V11,CAMPAIGN_SPRING_2026
2026-01-25,New York,60349,37159,10257,1155,226.57,3.35,759.39,877093.29,261.86,PRICE_ALGO_V11,CAMPAIGN_SPRING_2026
2026-01-25,Tokyo,31703,19459,5377,597,138.01,3.44,474.67,283378.53,163.4,PRICE_ALGO_V11,CAMPAIGN_SPRING_2026
2026-01-25,Berlin,20696,12741,3520,376,120.87,3.43,415.0,156038.86,140.07,PRICE_ALGO_V11,CAMPAIGN_SPRING_2026
2026-01-25,Madrid,29731,18638,5221,560,130.01,3.34,433.98,243026.93,151.34,PRICE_ALGO_V11,CAMPAIGN_SPRING_2026
2026-01-26,London,53178,33454,9375,1028,187.58,3.4,637.22,655062.16,208.16,PRICE_ALGO_V11,CAMPAIGN_SPRING_2026
2026-01-26,Paris,47622,29745,8325,938,172.76,3.41,589.93,553355.57,193.37,PRICE_ALGO_V11,CAMPAIGN_SPRING_2026
2026-01-26,New York,58880,36177,10183,1123,228.79,3.4,778.85,874648.16,262.57,PRICE_ALGO_V11,CAMPAIGN_SPRING_2026
2026-01-26,Tokyo,33874,21090,5810,646,141.48,3.44,486.21,314093.68,165.5,PRICE_ALGO_V11,CAMPAIGN_SPRING_2026
2026-01-26,Berlin,22388,13722,3834,414,119.42,3.39,404.66,167530.94,139.87,PRICE_ALGO_V11,CAMPAIGN_SPRING_2026
2026-01-26,Madrid,29995,18542,5226,570,128.65,3.34,429.82,244997.78,151.27,PRICE_ALGO_V11,CAMPAIGN_SPRING_2026
2026-01-27,London,55466,33829,9319,1039,186.73,3.41,637.08,661924.97,210.24,PRICE_ALGO_V11,CAMPAIGN_SPRING_2026
2026-01-27,Paris,50122,30863,8511,927,175.87,3.45,606.76,562462.23,195.98,PRICE_ALGO_V11,CAMPAIGN_SPRING_2026
2026-01-27,New York,64505,40742,11453,1248,230.54,3.42,788.74,984350.19,258.51,PRICE_ALGO_V11,CAMPAIGN_SPRING_2026
2026-01-27,Tokyo,34549,21084,5985,653,141.1,3.44,485.65,317126.57,165.24,PRICE_ALGO_V11,CAMPAIGN_SPRING_2026
2026-01-27,Berlin,23491,14840,4208,466,120.51,3.46,416.78,194219.14,138.67,PRICE_ALGO_V11,CAMPAIGN_SPRING_2026
2026-01-27,Madrid,33060,20306,5612,624,129.26,3.33,430.79,268809.92,149.52,PRICE_ALGO_V11,CAMPAIGN_SPRING_2026
2026-01-28,London,56148,34904,9734,1047,185.74,3.43,637.73,667703.17,208.03,PRICE_ALGO_V11,CAMPAIGN_SPRING_2026
2026-01-28,Paris,49192,30401,8458,923,176.16,3.41,600.57,554330.64,196.08,PRICE_ALGO_V11,CAMPAIGN_SPRING_2026
2026-01-28,New York,61849,37660,10400,1152,231.2,3.42,791.17,911431.51,258.81,PRICE_ALGO_V11,CAMPAIGN_SPRING_2026
2026-01-28,Tokyo,35616,22030,6112,682,138.38,3.37,466.41,318088.99,164.77,PRICE_ALGO_V11,CAMPAIGN_SPRING_2026
2026-01-28,Berlin,23401,14500,4087,437,119.62,3.33,398.71,174235.71,140.28,PRICE_ALGO_V11,CAMPAIGN_SPRING_2026
2026-01-28,Madrid,31994,19607,5410,586,129.33,3.43,444.07,260222.44,148.52,PRICE_ALGO_V11,CAMPAIGN_SPRING_2026
2026-01-29,London,51749,31930,9013,991,186.85,3.34,624.42,618796.4,211.29,PRICE_ALGO_V11,CAMPAIGN_SPRING_2026
2026-01-29,Paris,50460,30712,8433,951,176.9,3.41,603.23,573671.31,195.3,PRICE_ALGO_V11,CAMPAIGN_SPRING_2026
2026-01-29,New York,63367,39158,10795,1153,228.79,3.42,781.56,901143.98,261.57,PRICE_ALGO_V11,CAMPAIGN_SPRING_2026
2026-01-29,Tokyo,35660,22480,6190,694,138.92,3.4,472.79,328114.38,165.29,PRICE_ALGO_V11,CAMPAIGN_SPRING_2026
2026-01-29,Berlin,22289,13714,3815,415,118.81,3.35,397.7,165046.15,140.03,PRICE_ALGO_V11,CAMPAIGN_SPRING_2026
2026-01-29,Madrid,31697,19971,5558,619,131.24,3.36,441.52,273302.04,150.95,PRICE_ALGO_V11,CAMPAIGN_SPRING_2026
2026-01-30,London,49433,30277,8512,950,185.86,3.44,638.83,606889.77,208.64,PRICE_ALGO_V11,CAMPAIGN_SPRING_2026
2026-01-30,Paris,46936,29396,8316,911,177.23,3.42,605.83,551913.16,195.25,PRICE_ALGO_V11,CAMPAIGN_SPRING_2026
2026-01-30,New York,60271,37912,10669,1149,227.02,3.37,765.78,879885.93,259.7,PRICE_ALGO_V11,CAMPAIGN_SPRING_2026
2026-01-30,Tokyo,32662,19890,5570,605,139.8,3.45,481.62,291379.93,163.54,PRICE_ALGO_V11,CAMPAIGN_SPRING_2026
2026-01-30,Berlin,20793,13079,3714,411,120.03,3.41,408.97,168087.96,139.9,PRICE_ALGO_V11,CAMPAIGN_SPRING_2026
2026-01-30,Madrid,31035,19546,5461,611,130.59,3.4,443.58,271027.7,149.46,PRICE_ALGO_V11,CAMPAIGN_SPRING_2026
2026-01-31,London,48083,29289,8070,908,184.13,3.4,626.16,568552.9,210.9,PRICE_ALGO_V11,CAMPAIGN_SPRING_2026
2026-01-31,Paris,44464,27289,7621,835,175.12,3.38,592.38,494635.52,193.67,PRICE_ALGO_V11,CAMPAIGN_SPRING_2026
2026-01-31,New York,57018,35222,9798,1084,232.0,3.34,775.09,840196.66,260.77,PRICE_ALGO_V11,CAMPAIGN_SPRING_2026
2026-01-31,Tokyo,31293,19540,5423,604,140.66,3.45,485.38,293167.32,166.34,PRICE_ALGO_V11,CAMPAIGN_SPRING_2026
2026-01-31,Berlin,20648,12844,3544,386,121.68,3.39,411.94,159007.54,140.56,PRICE_ALGO_V11,CAMPAIGN_SPRING_2026
2026-01-31,Madrid,29713,18744,5208,568,131.14,3.42,448.9,254976.0,150.94,PRICE_ALGO_V11,CAMPAIGN_SPRING_2026
2026-02-01,London,51282,32098,9054,997,185.81,3.38,628.26,626379.06,209.68,PRICE_ALGO_V11,CAMPAIGN_SPRING_2026
2026-02-01,Paris,45616,27920,7728,872,174.93,3.35,586.13,511107.58,193.93,PRICE_ALGO_V11,CAMPAIGN_SPRING_2026
2026-02-01,New York,56632,35595,9807,1096,232.31,3.34,775.26,849681.98,262.0,PRICE_ALGO_V11,CAMPAIGN_SPRING_2026
2026-02-01,Tokyo,32244,20204,5573,608,138.58,3.44,476.29,289582.07,166.09,PRICE_ALGO_V11,CAMPAIGN_SPRING_2026
2026-02-01,Berlin,21662,13250,3700,404,120.63,3.39,409.24,165334.25,139.27,PRICE_ALGO_V11,CAMPAIGN_SPRING_2026
2026-02-01,Madrid,29275,18330,5121,564,129.26,3.4,438.93,247555.88,150.93,PRICE_ALGO_V11,CAMPAIGN_SPRING_2026
2026-02-02,London,53394,32929,9385,1062,184.79,3.38,625.31,664077.34,209.08,PRICE_ALGO_V11,CAMPAIGN_SPRING_2026
2026-02-02,Paris,48105,30381,8614,964,173.1,3.42,591.87,570561.74,194.03,PRICE_ALGO_V11,CAMPAIGN_SPRING_2026
2026-02-02,New York,62825,39036,10756,1207,232.42,3.44,798.56,963856.31,258.88,PRICE_ALGO_V11,CAMPAIGN_SPRING_2026
2026-02-02,Tokyo,33381,21031,5805,636,141.87,3.39,481.43,306190.62,164.08,PRICE_ALGO_V11,CAMPAIGN_SPRING_2026
2026-02-02,Berlin,21735,13220,3635,399,119.05,3.38,402.74,160693.53,141.38,PRICE_ALGO_V11,CAMPAIGN_SPRING_2026
2026-02-02,Madrid,29829,18812,5338,592,131.14,3.37,442.06,261701.18,148.91,PRICE_ALGO_V11,CAMPAIGN_SPRING_2026
2026-02-03,London,55458,34653,9562,1064,184.71,3.34,617.46,656977.18,207.92,PRICE_ALGO_V11,CAMPAIGN_SPRING_2026
2026-02-03,Paris,48902,30725,8619,961,175.15,3.37,590.45,567420.85,193.48,PRICE_ALGO_V11,CAMPAIGN_SPRING_2026
2026-02-03,New York,62376,37973,10598,1186,229.7,3.46,793.65,941269.58,257.98,PRICE_ALGO_V11,CAMPAIGN_SPRING_2026
2026-02-03,Tokyo,35602,21646,6064,656,138.5,3.42,473.07,310335.81,164.77,PRICE_ALGO_V11,CAMPAIGN_SPRING_2026
2026-02-03,Berlin,22385,13832,3898,418,121.71,3.4,414.24,173152.79,138.79,PRICE_ALGO_V11,CAMPAIGN_SPRING_2026
2026-02-03,Madrid,32230,20372,5716,624,129.88,3.47,450.1,280863.12,150.41,PRICE_ALGO_V11,CAMPAIGN_SPRING_2026
2026-02-04,London,53460,32503,9205,1003,186.29,3.44,640.27,642195.13,210.54,PRICE_ALGO_V11,CAMPAIGN_SPRING_2026
2026-02-04,Paris,51286,31584,8682,957,176.65,3.44,607.3,581188.22,193.73,PRICE_ALGO_V11,CAMPAIGN_SPRING_2026
2026-02-04,New York,63792,39860,11219,1257,226.99,3.39,770.44,968447.99,261.44,PRICE_ALGO_V11,CAMPAIGN_SPRING_2026
2026-02-04,Tokyo,35068,21345,5904,631,141.82,3.47,491.62,310213.81,165.05,PRICE_ALGO_V11,CAMPAIGN_SPRING_2026
2026-02-04,Berlin,23151,14211,4019,433,119.49,3.45,412.19,178479.82,140.79,PRICE_ALGO_V11,CAMPAIGN_SPRING_2026
2026-02-04,Madrid,32073,19586,5455,614,130.95,3.38,443.21,272129.41,151.18,PRICE_ALGO_V11,CAMPAIGN_SPRING_2026
2026-02-05,London,55141,34182,9570,1079,185.11,3.43,635.08,685251.76,211.26,PRICE_ALGO_V11,CAMPAIGN_SPRING_2026
2026-02-05,Paris,47389,29501,8366,922,174.06,3.42,595.62,549159.76,193.36,PRICE_ALGO_V11,CAMPAIGN_SPRING_2026
2026-02-05,New York,61358,38198,10663,1186,228.98,3.45,790.04,936988.04,257.62,PRICE_ALGO_V11,CAMPAIGN_SPRING_2026
2026-02-05,Tokyo,34327,21706,6022,681,141.88,3.42,485.05,330318.71,163.6,PRICE_ALGO_V11,CAMPAIGN_SPRING_2026
2026-02-05,Berlin,22231,13949,3933,444,118.71,3.44,408.17,181227.23,140.3,PRICE_ALGO_V11,CAMPAIGN_SPRING_2026
2026-02-05,Madrid,30493,18578,5259,573,129.54,3.41,442.3,253436.87,150.2,PRICE_ALGO_V11,CAMPAIGN_SPRING_2026
2026-02-06,London,51600,32566,9071,1013,185.41,3.39,627.82,635985.46,210.12,PRICE_ALGO_V11,CAMPAIGN_SPRING_2026
2026-02-06,Paris,47520,29167,8040,896,174.99,3.41,596.45,534419.83,194.56,PRICE_ALGO_V11,CAMPAIGN_SPRING_2026
2026-02-06,New York,58539,35946,10043,1137,228.52,3.4,776.7,883103.52,262.17,PRICE_ALGO_V11,CAMPAIGN_SPRING_2026
2026-02-06,Tokyo,32258,20282,5668,638,139.77,3.42,478.67,305394.28,163.64,PRICE_ALGO_V11,CAMPAIGN_SPRING_2026
2026-02-06,Berlin,22117,13613,3788,405,120.15,3.45,414.26,167774.35,141.1,PRICE_ALGO_V11,CAMPAIGN_SPRING_2026
2026-02-06,Madrid,30841,19448,5475,612,130.03,3.36,436.83,267338.76,148.86,PRICE_ALGO_V11,CAMPAIGN_SPRING_2026
2026-02-07,London,48036,30128,8275,913,184.27,3.41,627.82,573200.28,211.28,PRICE_ALGO_V11,CAMPAIGN_SPRING_2026
2026-02-07,Paris,46069,28090,7805,884,176.15,3.44,605.36,535133.82,195.1,PRICE_ALGO_V11,CAMPAIGN_SPRING_2026
2026-02-07,New York,59527,36277,10349,1148,229.65,3.38,775.97,890813.7,260.94,PRICE_ALGO_V11,CAMPAIGN_SPRING_2026
2026-02-07,Tokyo,33320,20889,5881,634,141.96,3.46,490.59,311032.54,164.78,PRICE_ALGO_V11,CAMPAIGN_SPRING_2026
2026-02-07,Berlin,20183,12325,3403,366,119.36,3.38,403.33,147618.72,140.59,PRICE_ALGO_V11,CAMPAIGN_SPRING_2026
2026-02-07,Madrid,30529,19226,5457,591,130.53,3.35,437.14,258347.98,150.15,PRICE_ALGO_V11,CAMPAIGN_SPRING_2026
2026-02-08,London,49179,30531,8549,921,187.45,3.42,641.38,590710.75,208.55,PRICE_ALGO_V11,CAMPAIGN_SPRING_2026
2026-02-08,Paris,46937,29223,8294,915,176.71,3.34,589.88,539741.94,193.16,PRICE_ALGO_V11,CAMPAIGN_SPRING_2026
2026-02-08,New York,59278,36865,10384,1160,229.42,3.4,779.98,904779.02,260.72,PRICE_ALGO_V11,CAMPAIGN_SPRING_2026
2026-02-08,Tokyo,33003,20289,5784,635,141.28,3.37,476.46,302551.36,165.61,PRICE_ALGO_V11,CAMPAIGN_SPRING_2026
2026-02-08,Berlin,20417,12435,3473,381,118.93,3.37,401.35,152912.73,140.3,PRICE_ALGO_V11,CAMPAIGN_SPRING_2026
2026-02-08,Madrid,30308,18966,5387,609,128.56,3.41,438.18,266852.76,149.61,PRICE_ALGO_V11,CAMPAIGN_SPRING_2026
2026-02-09,London,51247,31730,8801,953,182.76,3.38,618.51,589442.22,209.12,PRICE_ALGO_V11,CAMPAIGN_SPRING_2026
2026-02-09,Paris,48443,29732,8446,910,174.09,3.37,587.49,534611.73,195.3,PRICE_ALGO_V11,CAMPAIGN_SPRING_2026
2026-02-09,New York,62284,38613,10818,1189,228.68,3.46,791.36,940921.39,257.52,PRICE_ALGO_V11,CAMPAIGN_SPRING_2026
2026-02-09,Tokyo,34014,21482,5946,648,138.11,3.45,476.76,308942.62,164.98,PRICE_ALGO_V11,CAMPAIGN_SPRING_2026
2026-02-09,Berlin,22271,13791,3867,434,119.75,3.43,410.86,178313.15,141.07,PRICE_ALGO_V11,CAMPAIGN_SPRING_2026
2026-02-09,Madrid,31654,19520,5443,601,128.81,3.34,430.48,258718.62,150.16,PRICE_ALGO_V11,CAMPAIGN_SPRING_2026
2026-02-10,London,54051,33866,9398,1064,186.0,3.46,644.42,685664.9,208.4,PRICE_ALGO_V11,CAMPAIGN_SPRING_2026
2026-02-10,Paris,49453,31022,8630,974,176.34,3.4,599.77,584175.89,193.83,PRICE_ALGO_V11,CAMPAIGN_SPRING_2026
2026-02-10,New York,63384,38583,10646,1159,229.82,3.41,784.71,909473.38,259.78,PRICE_ALGO_V11,CAMPAIGN_SPRING_2026
2026-02-10,Tokyo,35372,21779,6125,660,142.06,3.37,479.13,316223.92,165.79,PRICE_ALGO_V11,CAMPAIGN_SPRING_2026
2026-02-10,Berlin,22560,14170,3972,442,119.28,3.38,403.41,178308.96,140.88,PRICE_ALGO_V11,CAMPAIGN_SPRING_2026
2026-02-10,Madrid,32659,20637,5797,649,130.88,3.34,436.56,283328.96,150.56,PRICE_ALGO_V11,CAMPAIGN_SPRING_2026
2026-02-11,London,54423,34372,9733,1088,185.43,3.41,632.57,688237.58,210.93,PRICE_ALGO_V11,CAMPAIGN_SPRING_2026
2026-02-11,Paris,49012,30544,8593,964,173.15,3.34,577.68,556885.43,195.7,PRICE_ALGO_V11,CAMPAIGN_SPRING_2026
2026-02-11,New York,66267,40444,11106,1208,227.59,3.39,771.05,931426.59,260.99,PRICE_ALGO_V11,CAMPAIGN_SPRING_2026
2026-02-11,Tokyo,36441,22973,6528,728,138.16,3.36,464.25,337974.24,163.81,PRICE_ALGO_V11,CAMPAIGN_SPRING_2026
2026-02-11,Berlin,22749,14195,3978,432,118.82,3.38,401.45,173427.16,141.15,PRICE_ALGO_V11,CAMPAIGN_SPRING_2026
2026-02-11,Madrid,32132,20138,5688,631,130.75,3.36,439.09,277066.43,150.33,PRICE_ALGO_V11,CAMPAIGN_SPRING_2026
2026-02-12,London,52050,32345,8956,1013,183.88,3.36,617.86,625893.0,209.11,PRICE_ALGO_V11,CAMPAIGN_SPRING_2026
2026-02-12,Paris,49845,30677,8537,963,176.55,3.35,591.19,569319.66,194.12,PRICE_ALGO_V11,CAMPAIGN_SPRING_2026
2026-02-12,New York,63203,38997,11128,1247,233.14,3.37,786.02,980168.3,261.58,PRICE_ALGO_V11,CAMPAIGN_SPRING_2026
2026-02-12,Tokyo,34147,21352,5941,651,138.98,3.36,466.89,303945.94,164.93,PRICE_ALGO_V11,CAMPAIGN_SPRING_2026
2026-02-12,Berlin,22546,14220,4012,431,120.42,3.36,405.2,174640.43,140.24,PRICE_ALGO_V11,CAMPAIGN_SPRING_2026
2026-02-12,Madrid,32102,19927,5610,600,129.66,3.35,433.81,260283.83,150.65,PRICE_ALGO_V11,CAMPAIGN_SPRING_2026
2026-02-13,London,51973,31585,8861,999,184.48,3.45,636.74,636100.55,211.83,PRICE_ALGO_V11,CAMPAIGN_SPRING_2026
2026-02-13,Paris,46873,28711,8188,891,175.77,3.34,587.79,523721.49,196.59,PRICE_ALGO_V11,CAMPAIGN_SPRING_2026
2026-02-13,New York,60030,37270,10528,1188,232.85,3.45,803.8,954913.47,258.31,PRICE_ALGO_V11,CAMPAIGN_SPRING_2026
2026-02-13,Tokyo,32399,20424,5832,637,139.98,3.46,484.73,308774.19,166.44,PRICE_ALGO_V11,CAMPAIGN_SPRING_2026
2026-02-13,Berlin,22256,14006,3844,424,118.59,3.37,399.72,169480.78,141.35,PRICE_ALGO_V11,CAMPAIGN_SPRING_2026
2026-02-13,Madrid,31514,19572,5478,618,131.37,3.36,441.17,272641.06,149.9,PRICE_ALGO_V11,CAMPAIGN_SPRING_2026
2026-02-14,London,47932,29316,8194,888,183.26,3.44,630.33,559728.97,210.99,PRICE_ALGO_V11,CAMPAIGN_SPRING_2026
2026-02-14,Paris,45907,28755,7946,892,177.08,3.4,602.46,537390.06,196.28,PRICE_ALGO_V11,CAMPAIGN_SPRING_2026
2026-02-14,New York,56108,35022,9682,1042,228.78,3.37,770.42,802776.24,258.69,PRICE_ALGO_V11,CAMPAIGN_SPRING_2026
2026-02-14,Tokyo,31658,19827,5652,614,140.94,3.42,482.13,296026.87,163.39,PRICE_ALGO_V11,CAMPAIGN_SPRING_2026
2026-02-14,Berlin,21250,12944,3568,387,119.66,3.45,413.27,159936.39,140.01,PRICE_ALGO_V11,CAMPAIGN_SPRING_2026
2026-02-14,Madrid,29969,18440,5084,573,129.2,3.36,434.35,248880.79,150.34,PRICE_ALGO_V11,CAMPAIGN_SPRING_2026
2026-02-15,London,48502,29654,8385,928,184.53,3.4,626.68,581558.94,210.21,PRICE_ALGO_V11,CAMPAIGN_SPRING_2026
2026-02-15,Paris,46262,28870,7992,865,176.34,3.34,589.52,509934.42,196.46,PRICE_ALGO_V11,CAMPAIGN_SPRING_2026
2026-02-15,New York,58365,36481,10042,1108,226.98,3.4,771.89,855252.15,260.25,PRICE_ALGO_V11,CAMPAIGN_SPRING_2026
2026-02-15,Tokyo,32860,20087,5585,615,138.39,3.41,472.08,290332.16,164.03,PRICE_ALGO_V11,CAMPAIGN_SPRING_2026
2026-02-15,Berlin,20448,12683,3595,394,120.05,3.34,400.94,157970.97,139.88,PRICE_ALGO_V11,CAMPAIGN_SPRING_2026
2026-02-15,Madrid,29698,18638,5265,575,131.23,3.41,447.59,257366.47,150.74,PRICE_ALGO_V11,CAMPAIGN_SPRING_2026
2026-02-16,London,50108,30873,8493,961,187.41,3.46,648.26,622974.65,208.19,PRICE_ALGO_V11,CAMPAIGN_SPRING_2026
2026-02-16,Paris,46201,28540,8077,902,177.51,3.39,601.62,542657.33,195.57,PRICE_ALGO_V11,CAMPAIGN_SPRING_2026
2026-02-16,New York,63405,39126,11117,1252,229.14,3.42,784.12,981724.04,260.95,PRICE_ALGO_V11,CAMPAIGN_SPRING_2026
2026-02-16,Tokyo,34106,21275,5920,638,140.16,3.43,480.88,306798.45,165.1,PRICE_ALGO_V11,CAMPAIGN_SPRING_2026
2026-02-16,Berlin,21511,13071,3590,390,120.62,3.4,410.65,160152.53,140.12,PRICE_ALGO_V11,CAMPAIGN_SPRING_2026
2026-02-16,Madrid,31801,19517,5431,589,131.71,3.35,440.87,259669.68,150.68,PRICE_ALGO_V11,CAMPAIGN_SPRING_2026
2026-02-17,London,55370,34218,9683,1089,182.31,3.35,609.96,664251.56,208.77,PRICE_ALGO_V11,CAMPAIGN_SPRING_2026
2026-02-17,Paris,48015,29885,8435,902,176.26,3.36,592.93,534818.63,194.62,PRICE_ALGO_V11,CAMPAIGN_SPRING_2026
2026-02-17,New York,61950,38967,10717,1179,228.55,3.43,784.25,924633.35,261.64,PRICE_ALGO_V11,CAMPAIGN_SPRING_2026
2026-02-17,Tokyo,34817,21671,6109,664,139.17,3.42,476.2,316197.8,163.82,PRICE_ALGO_V11,CAMPAIGN_SPRING_2026
2026-02-17,Berlin,22349,13745,3781,427,121.37,3.42,414.73,177088.57,141.15,PRICE_ALGO_V11,CAMPAIGN_SPRING_2026
2026-02-17,Madrid,32024,19851,5663,639,130.67,3.38,441.05,281831.43,150.86,PRICE_ALGO_V11,CAMPAIGN_SPRING_2026
2026-02-18,London,54169,33113,9225,1030,184.85,3.37,623.49,642195.54,211.47,PRICE_ALGO_V11,CAMPAIGN_SPRING_2026
2026-02-18,Paris,51175,32116,9141,1009,177.46,3.35,594.52,599869.85,195.22,PRICE_ALGO_V11,CAMPAIGN_SPRING_2026
2026-02-18,New York,62657,38386,10811,1219,232.4,3.43,797.24,971837.9,257.88,PRICE_ALGO_V11,CAMPAIGN_SPRING_2026
2026-02-18,Tokyo,34774,21360,6022,666,141.57,3.44,486.37,323924.98,163.97,PRICE_ALGO_V11,CAMPAIGN_SPRING_2026
2026-02-18,Berlin,23486,14595,4083,459,119.4,3.33,398.09,182721.18,141.28,PRICE_ALGO_V11,CAMPAIGN_SPRING_2026
2026-02-18,Madrid,33648,21247,5858,663,129.92,3.41,443.57,294083.69,149.23,PRICE_ALGO_V11,CAMPAIGN_SPRING_2026
2026-02-19,London,51872,32694,9173,1025,184.34,3.38,623.22,638800.23,210.14,PRICE_ALGO_V11,CAMPAIGN_SPRING_2026
2026-02-19,Paris,48105,29840,8354,896,177.53,3.45,611.79,548167.32,194.88,PRICE_ALGO_V11,CAMPAIGN_SPRING_2026
2026-02-19,New York,64389,39714,11081,1223,228.08,3.37,768.04,939313.75,258.16,PRICE_ALGO_V11,CAMPAIGN_SPRING_2026
2026-02-19,Tokyo,35945,22356,6239,671,139.29,3.45,479.89,322003.04,164.6,PRICE_ALGO_V11,CAMPAIGN_SPRING_2026
2026-02-19,Berlin,22476,14021,3954,428,121.16,3.42,414.27,177308.01,141.31,PRICE_ALGO_V11,CAMPAIGN_SPRING_2026
2026-02-19,Madrid,31648,19361,5485,591,130.86,3.46,452.34,267333.45,149.96,PRICE_ALGO_V11,CAMPAIGN_SPRING_2026
2026-02-20,London,51043,31826,8753,935,186.92,3.42,639.82,598230.3,211.87,PRICE_ALGO_V11,CAMPAIGN_SPRING_2026
2026-02-20,Paris,47951,29625,8408,909,176.09,3.4,598.84,544341.26,193.09,PRICE_ALGO_V11,CAMPAIGN_SPRING_2026
2026-02-20,New York,59071,36796,10371,1148,229.88,3.33,766.18,879575.31,259.94,PRICE_ALGO_V11,CAMPAIGN_SPRING_2026
2026-02-20,Tokyo,33399,20303,5691,617,142.01,3.44,488.87,301630.52,163.41,PRICE_ALGO_V11,CAMPAIGN_SPRING_2026
2026-02-20,Berlin,21822,13695,3897,418,118.55,3.36,398.09,166402.5,139.02,PRICE_ALGO_V11,CAMPAIGN_SPRING_2026
2026-02-20,Madrid,30391,19079,5292,578,129.5,3.41,441.46,255164.76,149.72,PRICE_ALGO_V11,CAMPAIGN_SPRING_2026
2026-02-21,London,51405,31521,8890,998,185.85,3.44,638.46,637185.37,211.5,PRICE_ALGO_V11,CAMPAIGN_SPRING_2026
2026-02-21,Paris,44175,27256,7647,818,172.42,3.4,586.24,479544.62,193.72,PRICE_ALGO_V11,CAMPAIGN_SPRING_2026
2026-02-21,New York,57719,36192,10160,1141,227.21,3.34,758.37,865302.35,260.15,PRICE_ALGO_V11,CAMPAIGN_SPRING_2026
2026-02-21,Tokyo,31595,19877,5651,620,138.1,3.46,477.52,296061.04,163.6,PRICE_ALGO_V11,CAMPAIGN_SPRING_2026
2026-02-21,Berlin,21596,13423,3688,416,119.33,3.41,407.14,169371.0,141.29,PRICE_ALGO_V11,CAMPAIGN_SPRING_2026
2026-02-21,Madrid,30083,18810,5245,562,128.68,3.45,443.38,249180.01,149.22,PRICE_ALGO_V11,CAMPAIGN_SPRING_2026
2026-02-22,London,49524,31191,8674,968,183.0,3.43,627.78,607695.79,212.05,PRICE_ALGO_V11,CAMPAIGN_SPRING_2026
2026-02-22,Paris,46126,29140,8013,878,176.78,3.44,607.51,533396.17,194.38,PRICE_ALGO_V11,CAMPAIGN_SPRING_2026
2026-02-22,New York,60748,37508,10617,1134,228.44,3.4,776.39,880426.63,262.56,PRICE_ALGO_V11,CAMPAIGN_SPRING_2026
2026-02-22,Tokyo,32294,20375,5689,632,140.67,3.42,480.56,303716.28,163.63,PRICE_ALGO_V11,CAMPAIGN_SPRING_2026
2026-02-22,Berlin,21644,13533,3725,401,120.76,3.43,414.53,166225.3,140.37,PRICE_ALGO_V11,CAMPAIGN_SPRING_2026
2026-02-22,Madrid,29351,17911,4915,534,129.45,3.35,433.67,231581.13,149.31,PRICE_ALGO_V11,CAMPAIGN_SPRING_2026
2026-02-23,London,50699,31369,8802,962,182.37,3.34,609.97,586788.8,209.39,PRICE_ALGO_V11,CAMPAIGN_SPRING_2026
2026-02-23,Paris,48376,29782,8300,901,174.41,3.45,602.51,542863.42,193.38,PRICE_ALGO_V11,CAMPAIGN_SPRING_2026
2026-02-23,New York,62977,39792,11173,1204,229.18,3.37,773.0,930696.35,258.12,PRICE_ALGO_V11,CAMPAIGN_SPRING_2026
2026-02-23,Tokyo,33981,20700,5780,632,139.93,3.37,471.05,297703.24,163.6,PRICE_ALGO_V11,CAMPAIGN_SPRING_2026
2026-02-23,Berlin,21553,13429,3774,407,118.59,3.46,410.43,167044.1,139.45,PRICE_ALGO_V11,CAMPAIGN_SPRING_2026
2026-02-23,Madrid,30583,19052,5399,587,129.36,3.45,446.13,261880.19,150.95,PRICE_ALGO_V11,CAMPAIGN_SPRING_2026
2026-02-24,London,56082,34264,9525,1075,183.34,3.46,634.94,682559.28,209.22,PRICE_ALGO_V11,CAMPAIGN_SPRING_2026
2026-02-24,Paris,51746,31814,8977,986,175.4,3.38,593.4,585090.28,194.0,PRICE_ALGO_V11,CAMPAIGN_SPRING_2026
2026-02-24,New York,64989,40120,11060,1221,230.64,3.42,789.86,964423.14,260.24,PRICE_ALGO_V11,CAMPAIGN_SPRING_2026
2026-02-24,Tokyo,35470,22389,6259,697,139.74,3.43,478.79,333713.8,164.31,PRICE_ALGO_V11,CAMPAIGN_SPRING_2026
2026-02-24,Berlin,23443,14706,4102,451,120.48,3.42,412.23,185916.53,139.28,PRICE_ALGO_V11,CAMPAIGN_SPRING_2026
2026-02-24,Madrid,32766,20549,5655,640,129.92,3.4,441.84,282778.55,149.7,PRICE_ALGO_V11,CAMPAIGN_SPRING_2026
2026-02-25,London,56368,35216,9877,1105,184.22,3.41,627.27,693137.73,211.66,PRICE_ALGO_V11,CAMPAIGN_SPRING_2026
2026-02-25,Paris,50896,31031,8782,975,174.24,3.34,581.61,567073.01,195.57,PRICE_ALGO_V11,CAMPAIGN_SPRING_2026
2026-02-25,New York,66448,41490,11570,1291,233.21,3.33,777.4,1003625.65,259.64,PRICE_ALGO_V11,CAMPAIGN_SPRING_2026
2026-02-25,Tokyo,34969,21690,6077,671,140.32,3.39,475.0,318722.9,164.82,PRICE_ALGO_V11,CAMPAIGN_SPRING_2026
2026-02-25,Berlin,23575,14668,4107,447,118.29,3.39,400.83,179170.53,138.89,PRICE_ALGO_V11,CAMPAIGN_SPRING_2026
2026-02-25,Madrid,33712,20580,5863,631,129.27,3.36,434.35,274076.32,149.87,PRICE_ALGO_V11,CAMPAIGN_SPRING_2026
2026-02-26,London,53055,32862,9178,1021,183.99,3.44,633.34,646644.94,209.16,PRICE_ALGO_V11,CAMPAIGN_SPRING_2026
2026-02-26,Paris,47531,29880,8415,935,173.24,3.37,582.98,545081.83,196.89,PRICE_ALGO_V11,CAMPAIGN_SPRING_2026
2026-02-26,New York,60700,37122,10419,1177,228.15,3.36,765.92,901485.94,259.51,PRICE_ALGO_V11,CAMPAIGN_SPRING_2026
2026-02-26,Tokyo,35127,21719,5966,660,138.73,3.38,469.58,309923.09,165.3,PRICE_ALGO_V11,CAMPAIGN_SPRING_2026
2026-02-26,Berlin,22845,13997,3958,443,118.43,3.45,408.64,181026.11,138.88,PRICE_ALGO_V11,CAMPAIGN_SPRING_2026
2026-02-26,Madrid,30879,19011,5314,576,131.41,3.42,449.29,258793.78,150.08,PRICE_ALGO_V11,CAMPAIGN_SPRING_2026
2026-02-27,London,51266,31926,8970,977,186.92,3.44,643.5,628695.0,210.49,PRICE_ALGO_V11,CAMPAIGN_SPRING_2026
2026-02-27,Paris,47732,29354,8256,885,173.08,3.37,583.88,516738.12,193.51,PRICE_ALGO_V11,CAMPAIGN_SPRING_2026
2026-02-27,New York,58163,36340,10179,1114,227.5,3.36,763.78,850852.63,259.4,PRICE_ALGO_V11,CAMPAIGN_SPRING_2026
2026-02-27,Tokyo,33622,21006,5915,670,140.23,3.35,469.92,314849.16,164.97,PRICE_ALGO_V11,CAMPAIGN_SPRING_2026
2026-02-27,Berlin,21203,13120,3608,393,118.23,3.44,407.07,159976.91,138.98,PRICE_ALGO_V11,CAMPAIGN_SPRING_2026
2026-02-27,Madrid,31452,19504,5460,607,129.67,3.4,440.68,267493.96,151.02,PRICE_ALGO_V11,CAMPAIGN_SPRING_2026
2026-02-28,London,47813,29087,8229,893,183.75,3.35,616.46,550498.78,210.16,PRICE_ALGO_V11,CAMPAIGN_SPRING_2026
2026-02-28,Paris,45504,28486,8060,889,172.97,3.44,594.57,528570.53,193.5,PRICE_ALGO_V11,CAMPAIGN_SPRING_2026
2026-02-28,New York,59527,36710,10411,1113,231.51,3.47,802.56,893247.17,260.24,PRICE_ALGO_V11,CAMPAIGN_SPRING_2026
2026-02-28,Tokyo,31313,19670,5562,604,142.1,3.38,480.2,290043.16,164.83,PRICE_ALGO_V11,CAMPAIGN_SPRING_2026
2026-02-28,Berlin,21457,13270,3789,423,119.05,3.41,406.2,171824.21,140.87,PRICE_ALGO_V11,CAMPAIGN_SPRING_2026
2026-02-28,Madrid,29136,18216,5127,552,128.59,3.36,432.09,238514.28,149.12,PRICE_ALGO_V11,CAMPAIGN_SPRING_2026
2026-03-01,London,48205,29708,8245,909,184.02,3.37,620.4,563943.61,210.86,PRICE_ALGO_V11,CAMPAIGN_SPRING_2026
2026-03-01,Paris,45265,28466,8125,903,172.87,3.44,594.49,536825.96,196.8,PRICE_ALGO_V11,CAMPAIGN_SPRING_2026
2026-03-01,New York,60579,38298,10880,1170,232.53,3.43,797.27,932809.71,258.7,PRICE_ALGO_V11,CAMPAIGN_SPRING_2026
2026-03-01,Tokyo,33529,21005,5922,651,140.33,3.39,475.47,309530.12,164.24,PRICE_ALGO_V11,CAMPAIGN_SPRING_2026
2026-03-01,Berlin,21058,13125,3730,400,120.06,3.46,415.32,166126.18,139.38,PRICE_ALGO_V11,CAMPAIGN_SPRING_2026
2026-03-01,Madrid,29476,18604,5173,552,131.07,3.43,449.75,248262.82,150.7,PRICE_ALGO_V11,CAMPAIGN_SPRING_2026
2026-03-02,London,51827,32343,9004,964,185.19,3.39,627.88,605273.99,208.81,PRICE_ALGO_V11,CAMPAIGN_SPRING_2026
2026-03-02,Paris,46893,28804,8171,890,175.41,3.4,596.04,530476.79,195.26,PRICE_ALGO_V11,CAMPAIGN_SPRING_2026
2026-03-02,New York,60237,37619,10343,1110,231.96,3.35,776.81,862254.76,259.79,PRICE_ALGO_V11,CAMPAIGN_SPRING_2026
2026-03-02,Tokyo,34972,21631,5935,670,138.75,3.35,464.8,311418.22,165.62,PRICE_ALGO_V11,CAMPAIGN_SPRING_2026
2026-03-02,Berlin,22263,13614,3877,420,120.56,3.38,407.79,171272.2,139.3,PRICE_ALGO_V11,CAMPAIGN_SPRING_2026
2026-03-02,Madrid,32001,19575,5458,593,130.78,3.42,447.41,265314.14,149.2,PRICE_ALGO_V11,CAMPAIGN_SPRING_2026
2026-03-03,London,54913,33366,9333,1004,183.48,3.33,611.59,614034.65,210.76,PRICE_ALGO_V11,CAMPAIGN_SPRING_2026
2026-03-03,Paris,50656,31805,9079,994,173.07,3.38,585.68,582168.01,193.33,PRICE_ALGO_V11,CAMPAIGN_SPRING_2026
2026-03-03,New York,64554,39386,10945,1231,227.5,3.43,781.32,961804.46,261.42,PRICE_ALGO_V11,CAMPAIGN_SPRING_2026
2026-03-03,Tokyo,34292,21680,5983,659,137.94,3.39,467.86,308317.98,165.5,PRICE_ALGO_V11,CAMPAIGN_SPRING_2026
2026-03-03,Berlin,23266,14498,4002,437,120.67,3.34,403.5,176329.75,141.01,PRICE_ALGO_V11,CAMPAIGN_SPRING_2026
2026-03-03,Madrid,20268,12693,3566,389,131.81,3.35,441.69,171816.0,149.44,PRICE_ALGO_V11,CAMPAIGN_CUTBACK_MARCH
2026-03-04,London,53561,32655,9162,1013,185.6,3.43,635.84,644104.02,211.17,PRICE_ALGO_V11,CAMPAIGN_SPRING_2026
2026-03-04,Paris,51740,32282,8967,987,175.05,3.37,590.3,582628.56,195.97,PRICE_ALGO_V11,CAMPAIGN_SPRING_2026
2026-03-04,New York,61693,38858,11078,1218,227.33,3.41,775.82,944947.49,260.0,PRICE_ALGO_V11,CAMPAIGN_SPRING_2026
2026-03-04,Tokyo,35738,22580,6445,727,138.45,3.41,472.03,343167.48,166.19,PRICE_ALGO_V11,CAMPAIGN_SPRING_2026
2026-03-04,Berlin,22823,14253,4032,455,120.97,3.34,404.19,183908.35,138.65,PRICE_ALGO_V11,CAMPAIGN_SPRING_2026
2026-03-04,Madrid,20729,12615,3470,388,130.03,3.4,442.11,171537.21,150.39,PRICE_ALGO_V11,CAMPAIGN_CUTBACK_MARCH
2026-03-05,London,52768,32980,9080,1000,185.64,3.37,626.39,626390.41,209.07,PRICE_ALGO_V11,CAMPAIGN_SPRING_2026
2026-03-05,Paris,49085,30071,8523,939,174.43,3.45,600.99,564325.09,195.52,PRICE_ALGO_V11,CAMPAIGN_SPRING_2026
2026-03-05,New York,63226,38519,10871,1212,232.39,3.34,777.05,941785.02,257.7,PRICE_ALGO_V11,CAMPAIGN_SPRING_2026
2026-03-05,Tokyo,34555,21384,6013,653,141.02,3.35,472.15,308315.94,165.79,PRICE_ALGO_V11,CAMPAIGN_SPRING_2026
2026-03-05,Berlin,22851,14281,3944,445,120.08,3.43,411.89,183289.7,140.79,PRICE_ALGO_V11,CAMPAIGN_SPRING_2026
2026-03-05,Madrid,20038,12238,3465,375,131.51,3.34,438.71,164514.91,150.81,PRICE_ALGO_V11,CAMPAIGN_CUTBACK_MARCH
2026-03-06,London,52121,32020,8809,981,185.43,3.39,629.32,617359.59,208.22,PRICE_ALGO_V11,CAMPAIGN_SPRING_2026
2026-03-06,Paris,46433,28788,8082,881,173.71,3.41,592.38,521882.39,193.45,PRICE_ALGO_V11,CAMPAIGN_SPRING_2026
2026-03-06,New York,60740,37249,10433,1116,232.5,3.4,789.62,881217.57,258.67,PRICE_ALGO_V11,CAMPAIGN_SPRING_2026
2026-03-06,Tokyo,32951,20143,5737,644,140.22,3.43,481.34,309985.83,166.37,PRICE_ALGO_V11,CAMPAIGN_SPRING_2026
2026-03-06,Berlin,21383,13162,3673,409,119.18,3.38,403.14,164883.72,138.82,PRICE_ALGO_V11,CAMPAIGN_SPRING_2026
2026-03-06,Madrid,19715,12419,3432,384,131.88,3.34,440.65,169210.4,151.36,PRICE_ALGO_V11,CAMPAIGN_CUTBACK_MARCH
2026-03-07,London,49327,30316,8605,936,185.29,3.36,622.46,582621.37,207.93,PRICE_ALGO_V11,CAMPAIGN_SPRING_2026
2026-03-07,Paris,45893,28230,7943,871,175.48,3.44,603.14,525337.31,194.97,PRICE_ALGO_V11,CAMPAIGN_SPRING_2026
2026-03-07,New York,56612,35661,10089,1092,226.59,3.36,762.19,832313.09,259.53,PRICE_ALGO_V11,CAMPAIGN_SPRING_2026
2026-03-07,Tokyo,31945,20074,5705,644,137.91,3.45,475.43,306174.71,165.52,PRICE_ALGO_V11,CAMPAIGN_SPRING_2026
2026-03-07,Berlin,21307,13001,3644,394,119.97,3.47,416.01,163908.28,138.77,PRICE_ALGO_V11,CAMPAIGN_SPRING_2026
2026-03-07,Madrid,19492,11888,3384,381,130.08,3.38,440.01,167642.41,150.6,PRICE_ALGO_V11,CAMPAIGN_CUTBACK_MARCH
2026-03-08,London,51864,31621,8710,937,186.78,3.41,636.76,596644.54,208.21,PRICE_ALGO_V11,CAMPAIGN_SPRING_2026
2026-03-08,Paris,45883,28975,8027,870,174.03,3.43,596.45,518910.34,196.17,PRICE_ALGO_V11,CAMPAIGN_SPRING_2026
2026-03-08,New York,59719,36756,10197,1093,227.95,3.41,777.65,849973.28,261.46,PRICE_ALGO_V11,CAMPAIGN_SPRING_2026
2026-03-08,Tokyo,31770,19432,5433,594,140.15,3.36,470.94,279738.6,166.53,PRICE_ALGO_V11,CAMPAIGN_SPRING_2026
2026-03-08,Berlin,20815,12783,3524,379,120.67,3.43,413.51,156719.64,140.91,PRICE_ALGO_V11,CAMPAIGN_SPRING_2026
2026-03-08,Madrid,18649,11717,3258,349,129.02,3.4,438.9,153175.25,149.57,PRICE_ALGO_V11,CAMPAIGN_CUTBACK_MARCH
2026-03-09,London,52737,32383,9245,988,184.47,3.43,633.42,625818.6,209.8,PRICE_ALGO_V11,CAMPAIGN_SPRING_2026
2026-03-09,Paris,47039,29119,8252,888,172.44,3.47,597.61,530673.57,196.29,PRICE_ALGO_V11,CAMPAIGN_SPRING_2026
2026-03-09,New York,59197,37177,10356,1148,231.0,3.37,777.82,892934.46,260.43,PRICE_ALGO_V11,CAMPAIGN_SPRING_2026
2026-03-09,Tokyo,34850,21193,5830,656,139.76,3.46,482.89,316777.02,163.78,PRICE_ALGO_V11,CAMPAIGN_SPRING_2026
2026-03-09,Berlin,22579,13904,3821,419,118.8,3.44,409.13,171427.06,140.21,PRICE_ALGO_V11,CAMPAIGN_SPRING_2026
2026-03-09,Madrid,19980,12154,3428,369,128.89,3.37,434.36,160278.2,149.06,PRICE_ALGO_V11,CAMPAIGN_CUTBACK_MARCH
2026-03-10,London,55690,33885,9533,1032,183.86,3.41,626.4,646445.96,209.63,PRICE_ALGO_V11,CAMPAIGN_SPRING_2026
2026-03-10,Paris,48124,29574,8160,881,177.02,3.42,605.01,533017.26,195.1,PRICE_ALGO_V11,CAMPAIGN_SPRING_2026
2026-03-10,New York,64916,40722,11625,1300,229.03,3.4,778.22,1011682.84,260.23,PRICE_ALGO_V11,CAMPAIGN_SPRING_2026
2026-03-10,Tokyo,36495,22629,6307,680,139.24,3.45,480.91,327017.43,164.07,PRICE_ALGO_V11,CAMPAIGN_SPRING_2026
2026-03-10,Berlin,23369,14232,4063,447,120.96,3.46,419.06,187321.35,141.4,PRICE_ALGO_V11,CAMPAIGN_SPRING_2026
2026-03-10,Madrid,20267,12644,3507,393,131.63,3.47,456.42,179372.64,148.67,PRICE_ALGO_V11,CAMPAIGN_CUTBACK_MARCH
2026-03-11,London,53310,33510,9494,1035,186.88,3.36,627.17,649119.79,211.45,PRICE_ALGO_V11,CAMPAIGN_SPRING_2026
2026-03-11,Paris,50712,31826,8981,1012,172.52,3.46,597.08,604244.58,195.78,PRICE_ALGO_V11,CAMPAIGN_SPRING_2026
2026-03-11,New York,64299,39966,11050,1251,232.63,3.37,784.91,981924.6,259.96,PRICE_ALGO_V11,CAMPAIGN_SPRING_2026
2026-03-11,Tokyo,35630,21728,6018,650,140.11,3.46,484.34,314821.48,163.35,PRICE_ALGO_V11,CAMPAIGN_SPRING_2026
2026-03-11,Berlin,22521,13756,3885,438,121.24,3.33,404.33,177097.01,139.51,PRICE_ALGO_V11,CAMPAIGN_SPRING_2026
2026-03-11,Madrid,21278,13412,3796,426,131.41,3.38,444.52,189366.96,151.38,PRICE_ALGO_V11,CAMPAIGN_CUTBACK_MARCH
2026-03-12,London,55006,33961,9357,1017,182.98,3.46,633.31,644072.05,208.56,PRICE_ALGO_V11,CAMPAIGN_SPRING_2026
2026-03-12,Paris,50186,31688,8925,962,177.46,3.46,613.72,590395.85,195.75,PRICE_ALGO_V11,CAMPAIGN_SPRING_2026
2026-03-12,New York,63754,39089,10983,1184,228.67,3.35,765.88,906800.83,260.98,PRICE_ALGO_V11,CAMPAIGN_SPRING_2026
2026-03-12,Tokyo,35373,22324,6362,695,142.08,3.34,474.02,329445.92,166.54,PRICE_ALGO_V11,CAMPAIGN_SPRING_2026
2026-03-12,Berlin,22661,14286,4074,440,120.24,3.35,402.93,177287.48,141.22,PRICE_ALGO_V11,CAMPAIGN_SPRING_2026
2026-03-12,Madrid,20991,12878,3675,396,131.5,3.43,450.85,178535.24,148.77,PRICE_ALGO_V11,CAMPAIGN_CUTBACK_MARCH
2026-03-13,London,51438,32384,9048,981,183.61,3.37,618.2,606451.6,208.18,PRICE_ALGO_V11,CAMPAIGN_SPRING_2026
2026-03-13,Paris,45486,27638,7703,859,177.46,3.4,603.21,518154.39,196.5,PRICE_ALGO_V11,CAMPAIGN_SPRING_2026
2026-03-13,New York,59097,36707,10114,1111,232.51,3.43,796.46,884865.89,260.79,PRICE_ALGO_V11,CAMPAIGN_SPRING_2026
2026-03-13,Tokyo,32364,19723,5598,608,139.24,3.34,465.35,282931.67,166.49,PRICE_ALGO_V11,CAMPAIGN_SPRING_2026
2026-03-13,Berlin,20954,12926,3652,402,121.43,3.41,414.43,166599.23,138.86,PRICE_ALGO_V11,CAMPAIGN_SPRING_2026
2026-03-13,Madrid,19891,12323,3385,382,128.69,3.35,431.56,164854.54,151.17,PRICE_ALGO_V11,CAMPAIGN_CUTBACK_MARCH
2026-03-14,London,47887,29340,8113,902,186.23,3.37,627.24,565774.61,210.97,PRICE_ALGO_V11,CAMPAIGN_SPRING_2026
2026-03-14,Paris,44862,27522,7567,835,176.78,3.38,597.72,499096.5,193.65,PRICE_ALGO_V11,CAMPAIGN_SPRING_2026
2026-03-14,New York,57690,35473,9996,1106,227.93,3.36,764.75,845814.35,257.53,PRICE_ALGO_V11,CAMPAIGN_SPRING_2026
2026-03-14,Tokyo,31803,19388,5503,598,139.57,3.42,477.59,285600.38,164.96,PRICE_ALGO_V11,CAMPAIGN_SPRING_2026
2026-03-14,Berlin,20243,12572,3475,391,119.53,3.37,402.55,157398.46,139.85,PRICE_ALGO_V11,CAMPAIGN_SPRING_2026
2026-03-14,Madrid,19113,11720,3251,348,130.98,3.34,437.96,152411.65,150.5,PRICE_ALGO_V11,CAMPAIGN_CUTBACK_MARCH
2026-03-15,London,49342,30642,8741,966,185.3,3.44,638.04,616342.22,211.43,PRICE_ALGO_V11,CAMPAIGN_SPRING_2026
2026-03-15,Paris,45823,28450,8082,887,177.0,3.34,591.68,524817.43,194.91,PRICE_ALGO_V11,CAMPAIGN_SPRING_2026
2026-03-15,New York,60504,37834,10594,1193,232.07,3.42,792.84,945863.63,260.92,PRICE_ALGO_V11,CAMPAIGN_SPRING_2026
2026-03-15,Tokyo,31678,19842,5483,620,141.98,3.35,475.52,294825.05,166.02,PRICE_ALGO_V11,CAMPAIGN_SPRING_2026
2026-03-15,Berlin,21010,13280,3708,420,120.46,3.37,405.59,170348.17,140.94,PRICE_ALGO_V11,CAMPAIGN_SPRING_2026
2026-03-15,Madrid,19998,12604,3467,378,129.6,3.37,436.69,165070.46,149.48,PRICE_ALGO_V11,CAMPAIGN_CUTBACK_MARCH
2026-03-16,London,51825,32611,9235,1023,185.13,3.39,627.27,641698.91,209.66,PRICE_ALGO_V11,CAMPAIGN_SPRING_2026
2026-03-16,Paris,46649,29024,8210,926,177.23,3.35,592.97,549087.89,195.24,PRICE_ALGO_V11,CAMPAIGN_SPRING_2026
2026-03-16,New York,59956,37225,10357,1133,229.19,3.41,782.65,886745.37,259.93,PRICE_ALGO_V11,CAMPAIGN_SPRING_2026
2026-03-16,Tokyo,32741,20117,5552,614,140.81,3.45,486.23,298542.81,163.48,PRICE_ALGO_V11,CAMPAIGN_SPRING_2026
2026-03-16,Berlin,21703,13314,3764,424,121.43,3.44,418.1,177274.87,138.66,PRICE_ALGO_V11,CAMPAIGN_SPRING_2026
2026-03-16,Madrid,19832,12187,3411,379,128.43,3.35,430.29,163078.47,151.11,PRICE_ALGO_V11,CAMPAIGN_CUTBACK_MARCH
2026-03-17,London,56082,34691,9840,1067,184.54,3.36,619.6,661110.6,210.61,PRICE_ALGO_V11,CAMPAIGN_SPRING_2026
2026-03-17,Paris,48724,30600,8650,966,176.93,3.4,601.92,581456.41,196.25,PRICE_ALGO_V11,CAMPAIGN_SPRING_2026
2026-03-17,New York,61655,37937,10625,1143,232.42,3.34,775.35,886226.88,261.97,PRICE_ALGO_V11,CAMPAIGN_SPRING_2026
2026-03-17,Tokyo,34460,21649,6143,665,139.82,3.43,479.27,318714.04,166.38,PRICE_ALGO_V11,CAMPAIGN_SPRING_2026
2026-03-17,Berlin,22446,14096,3947,437,118.65,3.38,401.34,175384.86,138.69,PRICE_ALGO_V11,CAMPAIGN_SPRING_2026
2026-03-17,Madrid,21095,12910,3668,405,129.41,3.45,446.95,181015.15,148.99,PRICE_ALGO_V11,CAMPAIGN_CUTBACK_MARCH
2026-03-18,London,55620,34744,9644,1053,183.13,3.46,634.22,667831.66,210.3,PRICE_ALGO_V11,CAMPAIGN_SPRING_2026
2026-03-18,Paris,51777,32290,9105,987,174.52,3.44,600.04,592237.33,193.13,PRICE_ALGO_V11,CAMPAIGN_SPRING_2026
2026-03-18,New York,65342,39716,11303,1254,230.7,3.37,776.6,973861.49,257.44,PRICE_ALGO_V11,CAMPAIGN_SPRING_2026
2026-03-18,Tokyo,36527,22470,6409,711,139.68,3.38,472.04,335619.0,164.59,PRICE_ALGO_V11,CAMPAIGN_SPRING_2026
2026-03-18,Berlin,22614,14002,3948,442,119.63,3.4,406.93,179862.38,138.89,PRICE_ALGO_V11,CAMPAIGN_SPRING_2026
2026-03-18,Madrid,21406,13453,3747,415,130.43,3.35,436.49,181145.27,149.4,PRICE_ALGO_V11,CAMPAIGN_CUTBACK_MARCH
2026-03-19,London,51274,32410,9125,1025,183.67,3.45,634.29,650151.58,210.89,PRICE_ALGO_V11,CAMPAIGN_SPRING_2026
2026-03-19,Paris,48251,29496,8346,940,176.6,3.41,602.85,566683.26,196.18,PRICE_ALGO_V11,CAMPAIGN_SPRING_2026
2026-03-19,New York,63123,39419,11135,1236,233.43,3.39,791.09,977781.49,258.75,PRICE_ALGO_V11,CAMPAIGN_SPRING_2026
2026-03-19,Tokyo,34427,20948,5914,653,138.7,3.36,466.33,304516.73,165.75,PRICE_ALGO_V11,CAMPAIGN_SPRING_2026
2026-03-19,Berlin,22539,14133,4021,446,120.03,3.45,413.65,184487.89,140.97,PRICE_ALGO_V11,CAMPAIGN_SPRING_2026
2026-03-19,Madrid,21206,12980,3575,384,129.06,3.44,443.41,170271.15,150.93,PRICE_ALGO_V11,CAMPAIGN_CUTBACK_MARCH
2026-03-20,London,49582,30961,8612,923,184.2,3.37,621.44,573585.92,211.03,PRICE_ALGO_V11,CAMPAIGN_SPRING_2026
2026-03-20,Paris,48040,29583,8203,891,176.84,3.45,610.08,543582.36,194.89,PRICE_ALGO_V11,CAMPAIGN_SPRING_2026
2026-03-20,New York,60075,37908,10432,1174,230.0,3.38,778.31,913735.66,261.91,PRICE_ALGO_V11,CAMPAIGN_SPRING_2026
2026-03-20,Tokyo,32725,19927,5658,608,138.74,3.41,473.03,287602.12,164.7,PRICE_ALGO_V11,CAMPAIGN_SPRING_2026
2026-03-20,Berlin,22222,13754,3822,425,121.0,3.42,413.57,175767.5,139.97,PRICE_ALGO_V11,CAMPAIGN_SPRING_2026
2026-03-20,Madrid,19202,11969,3284,356,131.02,3.44,450.18,160262.7,149.01,PRICE_ALGO_V11,CAMPAIGN_CUTBACK_MARCH
2026-03-21,London,49423,30965,8527,944,185.74,3.46,643.27,607250.13,209.59,PRICE_ALGO_V11,CAMPAIGN_SPRING_2026
2026-03-21,Paris,45233,27525,7614,831,172.45,3.45,594.14,493731.59,194.31,PRICE_ALGO_V11,CAMPAIGN_SPRING_2026
2026-03-21,New York,56590,35333,9943,1077,231.34,3.35,774.87,834530.31,259.19,PRICE_ALGO_V11,CAMPAIGN_SPRING_2026
2026-03-21,Tokyo,32041,19935,5507,617,139.15,3.43,477.43,294574.3,164.31,PRICE_ALGO_V11,CAMPAIGN_SPRING_2026
2026-03-21,Berlin,21088,12989,3693,418,119.43,3.38,403.79,168783.74,141.12,PRICE_ALGO_V11,CAMPAIGN_SPRING_2026
2026-03-21,Madrid,18689,11794,3357,367,128.94,3.35,431.93,158518.92,150.68,PRICE_ALGO_V11,CAMPAIGN_CUTBACK_MARCH
2026-03-22,London,50902,31672,8750,954,185.84,3.45,641.36,611854.9,208.06,PRICE_ALGO_V11,CAMPAIGN_SPRING_2026
2026-03-22,Paris,45222,28076,7719,874,175.85,3.33,586.41,512518.39,195.6,PRICE_ALGO_V11,CAMPAIGN_SPRING_2026
2026-03-22,New York,59505,36770,10246,1130,229.82,3.43,787.5,889875.29,258.2,PRICE_ALGO_V11,CAMPAIGN_SPRING_2026
2026-03-22,Tokyo,33011,20303,5721,635,139.03,3.35,465.85,295817.63,165.35,PRICE_ALGO_V11,CAMPAIGN_SPRING_2026
2026-03-22,Berlin,21699,13240,3739,401,118.61,3.36,398.41,159764.17,138.9,PRICE_ALGO_V11,CAMPAIGN_SPRING_2026
2026-03-22,Madrid,18896,11604,3252,351,130.79,3.34,436.5,153213.1,149.39,PRICE_ALGO_V11,CAMPAIGN_CUTBACK_MARCH
2026-03-23,London,51984,31853,9073,987,182.24,3.46,629.7,621514.94,210.72,PRICE_ALGO_V11,CAMPAIGN_SPRING_2026
2026-03-23,Paris,49287,30764,8493,911,175.06,3.35,585.72,533587.57,195.87,PRICE_ALGO_V11,CAMPAIGN_SPRING_2026
2026-03-23,New York,59808,36682,10471,1137,229.75,3.36,771.0,876624.18,257.92,PRICE_ALGO_V11,CAMPAIGN_SPRING_2026
2026-03-23,Tokyo,32747,20133,5705,620,141.0,3.44,484.36,300301.8,163.66,PRICE_ALGO_V11,CAMPAIGN_SPRING_2026
2026-03-23,Berlin,21200,13329,3756,404,119.49,3.42,408.24,164927.15,139.83,PRICE_ALGO_V11,CAMPAIGN_SPRING_2026
2026-03-23,Madrid,20759,12661,3589,387,129.61,3.37,436.66,168988.32,151.39,PRICE_ALGO_V11,CAMPAIGN_CUTBACK_MARCH
2026-03-24,London,53538,33659,9537,1058,186.65,3.43,639.58,676678.05,208.37,PRICE_ALGO_V11,CAMPAIGN_SPRING_2026
2026-03-24,Paris,48115,30359,8384,917,175.48,3.42,600.88,551004.4,196.18,PRICE_ALGO_V11,CAMPAIGN_SPRING_2026
2026-03-24,New York,61768,38111,10610,1134,231.27,3.46,801.22,908582.15,261.76,PRICE_ALGO_V11,CAMPAIGN_SPRING_2026
2026-03-24,Tokyo,34285,21614,5958,651,138.09,3.37,466.03,303384.07,164.21,PRICE_ALGO_V11,CAMPAIGN_SPRING_2026
2026-03-24,Berlin,23234,14507,4105,453,120.23,3.42,411.57,186442.58,141.34,PRICE_ALGO_V11,CAMPAIGN_SPRING_2026
2026-03-24,Madrid,20666,12824,3619,388,130.63,3.38,441.4,171264.73,149.25,PRICE_ALGO_V11,CAMPAIGN_CUTBACK_MARCH
2026-03-25,London,55303,34129,9685,1069,187.71,3.42,641.87,686154.05,208.13,PRICE_ALGO_V11,CAMPAIGN_SPRING_2026
2026-03-25,Paris,48958,30777,8738,982,172.77,3.36,581.32,570859.4,194.97,PRICE_ALGO_V11,CAMPAIGN_SPRING_2026
2026-03-25,New York,66379,40414,11190,1241,229.33,3.39,778.46,966062.74,258.62,PRICE_ALGO_V11,CAMPAIGN_SPRING_2026
2026-03-25,Tokyo,36516,22592,6415,703,138.4,3.42,473.44,332829.69,164.99,PRICE_ALGO_V11,CAMPAIGN_SPRING_2026
2026-03-25,Berlin,22338,13800,3872,413,118.53,3.42,404.91,167228.6,140.29,PRICE_ALGO_V11,CAMPAIGN_SPRING_2026
2026-03-25,Madrid,20801,12900,3569,396,131.76,3.34,439.98,174233.99,149.59,PRICE_ALGO_V11,CAMPAIGN_CUTBACK_MARCH
2026-03-26,London,51950,32150,9023,999,184.85,3.43,633.92,633287.12,210.66,PRICE_ALGO_V11,CAMPAIGN_SPRING_2026
2026-03-26,Paris,47527,29772,8243,898,176.73,3.37,595.89,535108.0,196.81,PRICE_ALGO_V11,CAMPAIGN_SPRING_2026
2026-03-26,New York,62432,39020,10727,1156,227.52,3.43,780.42,902166.16,261.13,PRICE_ALGO_V11,CAMPAIGN_SPRING_2026
2026-03-26,Tokyo,33645,20952,5793,653,139.55,3.44,479.81,313316.97,164.86,PRICE_ALGO_V11,CAMPAIGN_SPRING_2026
2026-03-26,Berlin,22867,13955,3894,439,121.21,3.44,416.62,182894.85,140.25,PRICE_ALGO_V11,CAMPAIGN_SPRING_2026
2026-03-26,Madrid,20505,12793,3647,392,130.0,3.34,434.0,170129.37,150.09,PRICE_ALGO_V11,CAMPAIGN_CUTBACK_MARCH
2026-03-27,London,52643,33081,9256,1018,187.34,3.41,638.95,650449.81,208.64,PRICE_ALGO_V11,CAMPAIGN_SPRING_2026
2026-03-27,Paris,47824,29210,8141,900,177.01,3.38,599.05,539149.12,195.02,PRICE_ALGO_V11,CAMPAIGN_SPRING_2026
2026-03-27,New York,61965,39057,11050,1198,233.2,3.39,791.38,948073.72,262.45,PRICE_ALGO_V11,CAMPAIGN_SPRING_2026
2026-03-27,Tokyo,32286,19947,5629,628,139.16,3.45,479.95,301411.69,165.66,PRICE_ALGO_V11,CAMPAIGN_SPRING_2026
2026-03-27,Berlin,21887,13806,3886,419,120.45,3.38,406.99,170526.97,139.41,PRICE_ALGO_V11,CAMPAIGN_SPRING_2026
2026-03-27,Madrid,19984,12628,3557,402,130.02,3.38,438.91,176442.21,150.58,PRICE_ALGO_V11,CAMPAIGN_CUTBACK_MARCH
2026-03-28,London,47943,29548,8266,913,185.93,3.43,638.42,582879.2,209.65,PRICE_ALGO_V11,CAMPAIGN_SPRING_2026
2026-03-28,Paris,46907,28833,8185,917,175.12,3.35,586.96,538241.17,193.15,PRICE_ALGO_V11,CAMPAIGN_SPRING_2026
2026-03-28,New York,58816,36028,10188,1097,228.53,3.45,787.54,863933.47,258.7,PRICE_ALGO_V11,CAMPAIGN_SPRING_2026
2026-03-28,Tokyo,32835,20190,5710,610,141.32,3.45,487.56,297410.2,163.69,PRICE_ALGO_V11,CAMPAIGN_SPRING_2026
2026-03-28,Berlin,21328,13416,3792,418,119.06,3.44,409.63,171223.9,140.8,PRICE_ALGO_V11,CAMPAIGN_SPRING_2026
2026-03-28,Madrid,18841,11758,3348,365,131.78,3.37,444.7,162314.85,151.43,PRICE_ALGO_V11,CAMPAIGN_CUTBACK_MARCH
2026-03-29,London,50175,30502,8455,936,186.56,3.44,642.67,601542.31,211.55,PRICE_ALGO_V11,CAMPAIGN_SPRING_2026
2026-03-29,Paris,47641,29779,8387,936,175.24,3.44,602.41,563859.1,195.4,PRICE_ALGO_V11,CAMPAIGN_SPRING_2026
2026-03-29,New York,60792,37380,10331,1148,227.84,3.4,775.09,889798.19,258.3,PRICE_ALGO_V11,CAMPAIGN_SPRING_2026
2026-03-29,Tokyo,32349,19999,5612,603,140.35,3.38,473.97,285800.96,164.19,PRICE_ALGO_V11,CAMPAIGN_SPRING_2026
2026-03-29,Berlin,21494,13142,3628,394,118.38,3.42,404.36,159319.33,141.21,PRICE_ALGO_V11,CAMPAIGN_SPRING_2026
2026-03-29,Madrid,19612,12154,3413,372,131.11,3.36,440.77,163967.56,149.45,PRICE_ALGO_V11,CAMPAIGN_CUTBACK_MARCH
2026-03-30,London,50684,30881,8648,946,185.21,3.36,622.68,589051.89,208.29,PRICE_ALGO_V11,CAMPAIGN_SPRING_2026
2026-03-30,Paris,46899,28881,8041,869,176.33,3.47,611.42,531323.38,195.12,PRICE_ALGO_V11,CAMPAIGN_SPRING_2026
2026-03-30,New York,62579,39545,10855,1206,229.63,3.42,784.28,945837.01,262.1,PRICE_ALGO_V11,CAMPAIGN_SPRING_2026
2026-03-30,Tokyo,34329,21674,6113,665,141.75,3.38,479.74,319026.75,166.47,PRICE_ALGO_V11,CAMPAIGN_SPRING_2026
2026-03-30,Berlin,22070,13564,3860,432,119.55,3.39,405.58,175212.42,140.85,PRICE_ALGO_V11,CAMPAIGN_SPRING_2026
2026-03-30,Madrid,19414,12228,3381,372,131.75,3.46,456.12,169676.17,149.0,PRICE_ALGO_V11,CAMPAIGN_CUTBACK_MARCH
2026-03-31,London,54196,32939,9062,1007,186.52,3.39,632.24,636665.64,211.53,PRICE_ALGO_V11,CAMPAIGN_SPRING_2026
2026-03-31,Paris,48296,29988,8464,957,176.44,3.46,610.46,584214.93,195.57,PRICE_ALGO_V11,CAMPAIGN_SPRING_2026
2026-03-31,New York,64636,39519,11047,1202,227.15,3.44,781.41,939257.7,257.68,PRICE_ALGO_V11,CAMPAIGN_SPRING_2026
2026-03-31,Tokyo,35493,22071,6112,662,139.53,3.39,473.13,313212.18,165.43,PRICE_ALGO_V11,CAMPAIGN_SPRING_2026
2026-03-31,Berlin,21976,13719,3846,426,120.43,3.41,410.85,175022.39,140.72,PRICE_ALGO_V11,CAMPAIGN_SPRING_2026
2026-03-31,Madrid,21273,12963,3691,396,131.12,3.34,438.43,173618.55,149.4,PRICE_ALGO_V11,CAMPAIGN_CUTBACK_MARCH
