date,city,sessions,listing_views,clicks,bookings,nightly_rate,nights_per_booking,avg_booking_value,gross_booking_value,competitor_hotel_index,pricing_algo_version
2026-01-01,London,52379,32021,9020,966,185.2,3.34,618.54,597513.87,209.44,PRICE_ALGO_V11
2026-01-01,Paris,49070,29860,8338,893,172.85,3.44,595.38,531672.37,194.71,PRICE_ALGO_V11
2026-01-01,New York,60447,37062,10430,1178,230.53,3.46,798.74,940916.37,259.46,PRICE_ALGO_V11
2026-01-01,Tokyo,33477,21053,5845,629,138.39,3.44,476.49,299713.53,164.37,PRICE_ALGO_V11
2026-01-01,Berlin,21903,13624,3835,418,120.17,3.34,401.39,167779.68,138.78,PRICE_ALGO_V11
2026-01-02,London,49675,31020,8660,941,185.47,3.37,625.56,588655.5,209.8,PRICE_ALGO_V11
2026-01-02,Paris,48064,30036,8323,919,175.13,3.43,600.91,552240.59,196.46,PRICE_ALGO_V11
2026-01-02,New York,58664,37070,10221,1118,231.77,3.4,787.68,880631.41,258.19,PRICE_ALGO_V11
2026-01-02,Tokyo,32036,19995,5657,624,141.58,3.43,485.12,302716.21,164.39,PRICE_ALGO_V11
2026-01-02,Berlin,21685,13487,3769,423,121.6,3.42,416.16,176034.66,139.93,PRICE_ALGO_V11
2026-01-03,London,47726,29828,8400,951,186.79,3.38,632.17,601196.98,209.1,PRICE_ALGO_V11
2026-01-03,Paris,46276,28143,7867,848,172.99,3.44,594.48,504115.45,193.28,PRICE_ALGO_V11
2026-01-03,New York,56305,34556,9633,1083,227.11,3.41,773.69,837903.52,259.74,PRICE_ALGO_V11
2026-01-03,Tokyo,33334,20931,5946,645,139.64,3.45,482.09,310946.04,164.53,PRICE_ALGO_V11
2026-01-03,Berlin,21693,13261,3664,396,119.04,3.41,406.18,160846.84,139.96,PRICE_ALGO_V11
2026-01-04,London,49018,29788,8313,907,185.37,3.43,635.05,575994.18,211.9,PRICE_ALGO_V11
2026-01-04,Paris,46180,28766,8111,868,177.1,3.45,611.15,530479.86,196.09,PRICE_ALGO_V11
2026-01-04,New York,60012,37047,10331,1109,230.93,3.34,771.56,855662.86,257.72,PRICE_ALGO_V11
2026-01-04,Tokyo,31909,19516,5429,581,137.9,3.35,461.39,268067.0,163.85,PRICE_ALGO_V11
2026-01-04,Berlin,20909,12717,3614,400,118.73,3.38,401.23,160493.57,139.31,PRICE_ALGO_V11
2026-01-05,London,51434,31407,8916,1009,184.81,3.34,617.95,623511.26,209.93,PRICE_ALGO_V11
2026-01-05,Paris,46472,28631,7941,890,173.22,3.46,599.58,533627.19,193.14,PRICE_ALGO_V11
2026-01-05,New York,61137,37369,10481,1120,230.19,3.45,794.03,889317.9,262.49,PRICE_ALGO_V11
2026-01-05,Tokyo,34533,21205,5905,636,141.14,3.44,485.24,308612.53,165.11,PRICE_ALGO_V11
2026-01-05,Berlin,21700,13304,3771,426,121.27,3.44,417.57,177883.26,140.86,PRICE_ALGO_V11
2026-01-06,London,55069,33769,9461,1031,182.39,3.37,614.64,633694.3,208.02,PRICE_ALGO_V11
2026-01-06,Paris,48915,30560,8713,955,177.29,3.46,613.77,586152.09,196.9,PRICE_ALGO_V11
2026-01-06,New York,62698,38438,10645,1149,227.96,3.45,787.48,904809.0,260.65,PRICE_ALGO_V11
2026-01-06,Tokyo,36291,22481,6333,709,138.26,3.46,477.78,338742.9,165.53,PRICE_ALGO_V11
2026-01-06,Berlin,23376,14638,4095,441,121.04,3.44,416.49,183672.55,139.53,PRICE_ALGO_V11
2026-01-07,London,56592,34940,9744,1100,186.25,3.35,623.79,686174.45,208.61,PRICE_ALGO_V11
2026-01-07,Paris,48934,30830,8738,940,176.71,3.42,604.61,568331.39,196.87,PRICE_ALGO_V11
2026-01-07,New York,63207,39264,10831,1156,233.25,3.4,793.89,917737.17,260.78,PRICE_ALGO_V11
2026-01-07,Tokyo,36894,22813,6482,726,138.79,3.37,467.97,339743.27,164.18,PRICE_ALGO_V11
2026-01-07,Berlin,22593,14056,3897,426,118.67,3.38,401.12,170879.04,141.15,PRICE_ALGO_V11
2026-01-08,London,52950,32938,9371,1025,187.32,3.4,637.69,653635.48,210.01,PRICE_ALGO_V11
2026-01-08,Paris,49133,29876,8345,900,172.4,3.36,578.46,520616.79,196.17,PRICE_ALGO_V11
2026-01-08,New York,62191,38905,10918,1188,230.13,3.44,791.33,940096.95,260.29,PRICE_ALGO_V11
2026-01-08,Tokyo,33642,20908,5795,628,141.14,3.41,481.07,302113.73,165.03,PRICE_ALGO_V11
2026-01-08,Berlin,22944,14459,4039,447,120.02,3.43,411.21,183812.6,140.03,PRICE_ALGO_V11
2026-01-09,London,50677,31461,8801,993,186.11,3.46,643.95,639443.34,211.58,PRICE_ALGO_V11
2026-01-09,Paris,46055,28622,8156,915,173.09,3.39,587.16,537251.63,193.52,PRICE_ALGO_V11
2026-01-09,New York,57635,35362,9732,1081,231.96,3.35,777.76,840758.73,262.06,PRICE_ALGO_V11
2026-01-09,Tokyo,33837,21113,5827,655,141.96,3.46,491.41,321875.56,164.07,PRICE_ALGO_V11
2026-01-09,Berlin,21347,13228,3776,423,118.78,3.4,404.11,170937.87,139.81,PRICE_ALGO_V11
2026-01-10,London,48828,29904,8312,926,182.33,3.39,618.46,572690.41,210.23,PRICE_ALGO_V11
2026-01-10,Paris,43899,27033,7606,837,172.71,3.44,594.0,497174.59,196.89,PRICE_ALGO_V11
2026-01-10,New York,60216,36743,10191,1090,231.93,3.35,776.86,846778.26,258.81,PRICE_ALGO_V11
2026-01-10,Tokyo,32141,20255,5743,622,138.53,3.41,472.32,293784.88,166.38,PRICE_ALGO_V11
2026-01-10,Berlin,21263,12966,3566,396,119.73,3.46,414.22,164032.59,138.8,PRICE_ALGO_V11
2026-01-11,London,50504,31690,8725,980,182.59,3.39,619.67,607280.75,211.52,PRICE_ALGO_V11
2026-01-11,Paris,45530,28288,8055,873,173.05,3.36,582.23,508283.03,195.1,PRICE_ALGO_V11
2026-01-11,New York,56784,34729,9549,1031,228.7,3.44,785.66,810016.15,258.99,PRICE_ALGO_V11
2026-01-11,Tokyo,32121,19915,5504,599,137.98,3.33,460.02,275554.94,164.18,PRICE_ALGO_V11
2026-01-11,Berlin,21534,13378,3699,406,121.56,3.44,418.59,169948.62,138.9,PRICE_ALGO_V11
2026-01-12,London,51717,32058,9096,994,185.04,3.47,641.27,637419.2,210.79,PRICE_ALGO_V11
2026-01-12,Paris,47395,29775,8405,932,174.5,3.34,582.72,543098.42,194.41,PRICE_ALGO_V11
2026-01-12,New York,59193,36069,10196,1105,227.68,3.45,784.67,867056.83,257.84,PRICE_ALGO_V11
2026-01-12,Tokyo,35007,21852,6065,656,139.13,3.35,466.56,306066.5,164.87,PRICE_ALGO_V11
2026-01-12,Berlin,21904,13451,3835,433,120.17,3.46,416.19,180208.79,139.28,PRICE_ALGO_V11
2026-01-13,London,53209,32800,9000,982,184.86,3.36,621.0,609825.84,210.01,PRICE_ALGO_V11
2026-01-13,Paris,49895,30322,8410,902,174.47,3.34,581.88,524852.06,193.21,PRICE_ALGO_V11
2026-01-13,New York,62391,38268,10751,1184,231.73,3.43,794.68,940906.73,260.82,PRICE_ALGO_V11
2026-01-13,Tokyo,36400,22468,6247,707,138.53,3.42,473.69,334900.64,165.74,PRICE_ALGO_V11
2026-01-13,Berlin,22025,13838,3935,436,120.84,3.35,404.93,176551.47,140.87,PRICE_ALGO_V11
2026-01-14,London,54638,33881,9613,1076,186.81,3.45,645.14,694170.34,210.35,PRICE_ALGO_V11
2026-01-14,Paris,51076,31912,8838,944,173.07,3.35,579.15,546718.76,194.46,PRICE_ALGO_V11
2026-01-14,New York,65692,40824,11489,1273,231.25,3.33,770.62,980996.52,259.94,PRICE_ALGO_V11
2026-01-14,Tokyo,36506,22858,6401,705,140.67,3.43,482.8,340377.38,163.57,PRICE_ALGO_V11
2026-01-14,Berlin,22615,13782,3822,426,118.94,3.46,412.09,175549.15,140.67,PRICE_ALGO_V11
2026-01-15,London,53102,32768,9167,1019,186.48,3.42,637.66,649773.92,210.49,PRICE_ALGO_V11
2026-01-15,Paris,47383,28963,8029,896,173.97,3.33,579.97,519656.43,195.26,PRICE_ALGO_V11
2026-01-15,New York,60132,36937,10413,1158,231.21,3.4,786.64,910931.51,258.91,PRICE_ALGO_V11
2026-01-15,Tokyo,34639,21447,5913,665,138.74,3.46,479.94,319157.86,166.58,PRICE_ALGO_V11
2026-01-15,Berlin,21609,13375,3792,428,119.82,3.36,402.65,172335.49,139.35,PRICE_ALGO_V11
2026-01-16,London,52685,32286,9069,976,185.13,3.35,620.2,605318.9,211.9,PRICE_ALGO_V11
2026-01-16,Paris,48161,29870,8493,945,173.59,3.4,589.88,557434.71,196.55,PRICE_ALGO_V11
2026-01-16,New York,57408,34886,9764,1070,228.63,3.38,772.5,826576.97,258.13,PRICE_ALGO_V11
2026-01-16,Tokyo,32772,20595,5651,630,141.42,3.46,489.04,308097.55,163.75,PRICE_ALGO_V11
2026-01-16,Berlin,21889,13789,3828,417,119.61,3.41,408.14,170194.29,141.4,PRICE_ALGO_V11
2026-01-17,London,48913,30238,8390,897,182.79,3.37,616.15,552691.03,211.41,PRICE_ALGO_V11
2026-01-17,Paris,47251,29001,8044,885,173.37,3.46,600.22,531194.28,194.51,PRICE_ALGO_V11
2026-01-17,New York,59810,37544,10567,1191,233.04,3.43,799.3,951963.73,260.26,PRICE_ALGO_V11
2026-01-17,Tokyo,31176,19508,5451,608,140.61,3.34,469.44,285418.68,164.29,PRICE_ALGO_V11
2026-01-17,Berlin,21642,13218,3696,402,119.27,3.46,413.25,166126.79,140.67,PRICE_ALGO_V11
2026-01-18,London,49008,30574,8492,937,184.41,3.35,618.52,579554.16,208.6,PRICE_ALGO_V11
2026-01-18,Paris,45045,28381,7945,859,177.13,3.39,601.05,516298.75,196.94,PRICE_ALGO_V11
2026-01-18,New York,56925,34859,9600,1045,227.18,3.37,764.94,799363.58,258.64,PRICE_ALGO_V11
2026-01-18,Tokyo,32852,20683,5849,640,139.64,3.38,472.43,302356.38,165.08,PRICE_ALGO_V11
2026-01-18,Berlin,20866,12710,3527,398,118.65,3.42,405.51,161393.96,140.01,PRICE_ALGO_V11
2026-01-19,London,53509,32798,9099,985,184.44,3.46,638.5,628917.86,209.77,PRICE_ALGO_V11
2026-01-19,Paris,49338,31045,8526,911,176.1,3.4,598.1,544868.71,196.54,PRICE_ALGO_V11
2026-01-19,New York,61425,37322,10404,1173,232.25,3.46,804.55,943742.21,261.85,PRICE_ALGO_V11
2026-01-19,Tokyo,33315,20332,5614,618,140.76,3.43,482.84,298398.17,166.46,PRICE_ALGO_V11
2026-01-19,Berlin,22259,13946,3898,430,118.34,3.36,398.06,171165.79,140.79,PRICE_ALGO_V11
2026-01-20,London,55847,34826,9674,1040,183.62,3.43,629.28,654446.49,210.57,PRICE_ALGO_V11
2026-01-20,Paris,48328,29448,8253,912,174.41,3.41,595.4,543004.29,193.92,PRICE_ALGO_V11
2026-01-20,New York,60902,37459,10472,1183,231.0,3.4,784.62,928200.62,262.0,PRICE_ALGO_V11
2026-01-20,Tokyo,34579,21222,6051,673,139.19,3.4,473.22,318475.48,163.42,PRICE_ALGO_V11
2026-01-20,Berlin,23179,14325,3972,441,121.53,3.34,405.5,178827.02,139.24,PRICE_ALGO_V11
2026-01-21,London,53828,33267,9382,1013,186.65,3.4,634.73,642980.92,211.0,PRICE_ALGO_V11
2026-01-21,Paris,49152,31046,8627,967,173.59,3.44,596.34,576664.72,193.91,PRICE_ALGO_V11
2026-01-21,New York,62924,39718,11119,1200,228.09,3.42,780.64,936764.01,259.57,PRICE_ALGO_V11
2026-01-21,Tokyo,36937,22577,6294,680,141.99,3.34,474.12,322398.95,163.82,PRICE_ALGO_V11
2026-01-21,Berlin,22260,13742,3909,439,120.84,3.46,417.94,183476.25,141.39,PRICE_ALGO_V11
2026-01-22,London,52402,32080,9139,1020,182.4,3.38,617.16,629498.9,210.69,PRICE_ALGO_V11
2026-01-22,Paris,48546,29895,8259,881,173.84,3.46,601.84,530220.32,194.42,PRICE_ALGO_V11
2026-01-22,New York,60447,38173,10563,1151,232.22,3.39,787.41,906309.77,261.67,PRICE_ALGO_V11
2026-01-22,Tokyo,33484,20738,5777,651,138.71,3.45,479.11,311897.72,164.55,PRICE_ALGO_V11
2026-01-22,Berlin,21632,13363,3788,423,118.35,3.34,395.34,167227.65,138.7,PRICE_ALGO_V11
2026-01-23,London,52581,32283,9128,1028,184.11,3.46,637.42,655270.96,209.04,PRICE_ALGO_V11
2026-01-23,Paris,47398,29107,8220,894,173.82,3.43,597.04,533752.48,193.06,PRICE_ALGO_V11
2026-01-23,New York,61664,38436,10952,1170,228.16,3.46,789.93,924218.61,259.87,PRICE_ALGO_V11
2026-01-23,Tokyo,34470,21274,5897,645,139.97,3.36,469.87,303066.89,166.41,PRICE_ALGO_V11
2026-01-23,Berlin,22043,13797,3913,437,120.39,3.38,406.36,177578.6,139.52,PRICE_ALGO_V11
2026-01-24,London,48918,30671,8443,911,186.4,3.34,622.74,567313.91,208.94,PRICE_ALGO_V11
2026-01-24,Paris,43957,27310,7593,859,177.01,3.37,596.19,512122.97,196.9,PRICE_ALGO_V11
2026-01-24,New York,56095,34217,9580,1067,229.63,3.39,778.16,830295.3,258.62,PRICE_ALGO_V11
2026-01-24,Tokyo,32653,20385,5764,647,140.69,3.45,484.87,313711.02,163.75,PRICE_ALGO_V11
2026-01-24,Berlin,20582,12794,3564,397,118.92,3.37,400.2,158879.22,139.29,PRICE_ALGO_V11
2026-01-25,London,48581,30583,8590,935,184.42,3.4,627.22,586453.08,212.07,PRICE_ALGO_V11
2026-01-25,Paris,45132,28327,7980,903,172.91,3.44,595.41,537651.32,194.9,PRICE_ALGO_V11
2026-01-25,New York,60212,37950,10430,1133,227.37,3.46,787.69,892455.23,258.39,PRICE_ALGO_V11
2026-01-25,Tokyo,32888,20741,5777,649,139.79,3.44,480.55,311879.63,164.21,PRICE_ALGO_V11
2026-01-25,Berlin,21893,13359,3754,415,118.98,3.35,398.74,165477.39,139.63,PRICE_ALGO_V11
2026-01-26,London,50768,31167,8761,972,183.35,3.38,619.1,601761.51,207.95,PRICE_ALGO_V11
2026-01-26,Paris,48684,29803,8282,894,176.55,3.34,589.78,527267.38,195.19,PRICE_ALGO_V11
2026-01-26,New York,59054,36460,10229,1134,227.18,3.43,778.45,882757.5,258.25,PRICE_ALGO_V11
2026-01-26,Tokyo,33754,20746,5764,651,139.21,3.38,470.62,306371.39,165.22,PRICE_ALGO_V11
2026-01-26,Berlin,21852,13745,3925,428,118.91,3.36,399.5,170986.65,140.64,PRICE_ALGO_V11
2026-01-27,London,51896,32692,9125,1023,184.48,3.39,626.25,640653.23,211.61,PRICE_ALGO_V11
2026-01-27,Paris,48529,29504,8278,918,177.15,3.42,605.26,555627.59,193.4,PRICE_ALGO_V11
2026-01-27,New York,62729,38898,10737,1165,230.15,3.35,770.25,897343.18,262.21,PRICE_ALGO_V11
2026-01-27,Tokyo,35302,22154,6318,682,138.43,3.46,479.62,327101.9,166.46,PRICE_ALGO_V11
2026-01-27,Berlin,22828,13900,3958,432,121.46,3.44,418.31,180709.33,140.34,PRICE_ALGO_V11
2026-01-28,London,53052,33268,9211,1007,186.92,3.36,627.48,631868.52,211.38,PRICE_ALGO_V11
2026-01-28,Paris,49204,30384,8513,929,173.02,3.43,593.56,551420.26,194.01,PRICE_ALGO_V11
2026-01-28,New York,66006,40172,11276,1259,226.81,3.35,759.37,956050.37,261.76,PRICE_ALGO_V11
2026-01-28,Tokyo,35941,22328,6283,683,139.66,3.39,473.45,323365.05,165.27,PRICE_ALGO_V11
2026-01-28,Berlin,23365,14455,4037,431,120.43,3.36,405.12,174606.34,139.97,PRICE_ALGO_V11
2026-01-29,London,54248,34010,9506,1025,184.85,3.35,619.15,634632.95,208.35,PRICE_ALGO_V11
2026-01-29,Paris,48769,29742,8308,914,172.59,3.34,577.0,527375.26,195.53,PRICE_ALGO_V11
2026-01-29,New York,63487,39799,11148,1193,230.03,3.46,796.2,949862.86,259.36,PRICE_ALGO_V11
2026-01-29,Tokyo,33726,21208,6056,675,141.32,3.47,489.76,330585.86,163.99,PRICE_ALGO_V11
2026-01-29,Berlin,22462,14180,4036,435,121.04,3.34,404.38,175904.29,141.21,PRICE_ALGO_V11
2026-01-30,London,50265,31483,8694,979,183.75,3.35,615.85,602914.14,211.33,PRICE_ALGO_V11
2026-01-30,Paris,46967,29608,8193,888,175.03,3.34,584.08,518664.7,194.29,PRICE_ALGO_V11
2026-01-30,New York,58158,35569,10133,1126,232.73,3.44,800.29,901129.7,258.28,PRICE_ALGO_V11
2026-01-30,Tokyo,32238,20012,5633,614,141.57,3.41,482.87,296480.24,165.18,PRICE_ALGO_V11
2026-01-30,Berlin,22181,13534,3864,428,119.62,3.37,402.88,172432.07,140.83,PRICE_ALGO_V11
2026-01-31,London,51406,31970,8901,994,184.68,3.43,634.03,630224.91,208.64,PRICE_ALGO_V11
2026-01-31,Paris,44010,27635,7661,849,177.54,3.42,607.59,515846.45,195.33,PRICE_ALGO_V11
2026-01-31,New York,57156,34730,9543,1027,230.8,3.4,785.12,806318.78,259.65,PRICE_ALGO_V11
2026-01-31,Tokyo,33366,20382,5644,626,137.99,3.38,466.46,292001.68,163.36,PRICE_ALGO_V11
2026-01-31,Berlin,20268,12494,3459,382,120.32,3.42,411.12,157047.24,139.17,PRICE_ALGO_V11
2026-02-01,London,49866,30465,8679,940,183.05,3.42,625.82,588273.92,208.3,PRICE_ALGO_V11
2026-02-01,Paris,47493,29777,8304,900,172.44,3.41,587.74,528967.75,195.57,PRICE_ALGO_V11
2026-02-01,New York,57913,36115,10089,1138,231.61,3.45,800.19,910614.45,258.69,PRICE_ALGO_V11
2026-02-01,Tokyo,31479,19541,5450,590,138.15,3.33,460.53,271713.77,165.92,PRICE_ALGO_V11
2026-02-01,Berlin,21226,13392,3696,399,120.39,3.42,411.64,164244.7,140.02,PRICE_ALGO_V11
2026-02-02,London,53303,32617,9063,984,182.49,3.44,627.5,617463.16,211.64,PRICE_ALGO_V11
2026-02-02,Paris,48827,29674,8423,940,174.82,3.39,593.25,557655.34,195.94,PRICE_ALGO_V11
2026-02-02,New York,59662,36406,10084,1078,228.87,3.43,784.21,845382.81,261.3,PRICE_ALGO_V11
2026-02-02,Tokyo,34939,21845,6059,668,139.73,3.4,475.53,317653.08,165.95,PRICE_ALGO_V11
2026-02-02,Berlin,21586,13459,3838,415,121.37,3.37,408.7,169609.0,138.64,PRICE_ALGO_V11
2026-02-03,London,52892,33112,9436,1053,184.04,3.38,621.44,654378.3,211.6,PRICE_ALGO_V11
2026-02-03,Paris,48835,30771,8660,963,175.87,3.4,597.22,575122.67,196.87,PRICE_ALGO_V11
2026-02-03,New York,65107,40685,11554,1266,231.55,3.37,781.22,989018.93,260.37,PRICE_ALGO_V11
2026-02-03,Tokyo,34515,21504,5919,667,138.51,3.35,463.52,309165.05,163.44,PRICE_ALGO_V11
2026-02-03,Berlin,23644,14568,4020,429,118.35,3.42,404.54,173549.65,140.54,PRICE_ALGO_V11
2026-02-04,London,55394,34669,9538,1054,184.24,3.44,634.43,668688.95,211.33,PRICE_ALGO_V11
2026-02-04,Paris,51915,31628,8986,1013,177.33,3.36,595.83,603579.92,193.47,PRICE_ALGO_V11
2026-02-04,New York,61987,37716,10707,1199,230.93,3.42,789.28,946345.18,261.69,PRICE_ALGO_V11
2026-02-04,Tokyo,35050,21383,5890,657,138.76,3.39,470.35,309019.06,164.4,PRICE_ALGO_V11
2026-02-04,Berlin,22188,13622,3780,421,119.52,3.46,413.93,174263.31,139.5,PRICE_ALGO_V11
2026-02-05,London,53143,33411,9399,1004,184.52,3.44,634.21,636745.04,209.73,PRICE_ALGO_V11
2026-02-05,Paris,48440,30278,8490,918,176.9,3.44,609.16,559209.06,193.4,PRICE_ALGO_V11
2026-02-05,New York,60679,36870,10200,1139,233.3,3.4,792.92,903135.38,257.42,PRICE_ALGO_V11
2026-02-05,Tokyo,34713,21777,6020,661,139.36,3.37,469.28,310194.12,166.1,PRICE_ALGO_V11
2026-02-05,Berlin,23275,14305,3959,440,119.99,3.42,410.21,180491.29,138.91,PRICE_ALGO_V11
2026-02-06,London,49166,30833,8701,973,185.71,3.39,628.92,611939.66,209.39,PRICE_ALGO_V11
2026-02-06,Paris,46562,29319,8073,908,172.51,3.37,580.97,527519.57,193.85,PRICE_ALGO_V11
2026-02-06,New York,61592,38188,10641,1197,228.16,3.4,776.73,929744.03,259.8,PRICE_ALGO_V11
2026-02-06,Tokyo,33939,21255,5986,652,139.27,3.45,480.02,312975.31,163.86,PRICE_ALGO_V11
2026-02-06,Berlin,21801,13647,3770,413,120.98,3.35,405.19,167345.14,140.22,PRICE_ALGO_V11
2026-02-07,London,49314,31045,8601,928,183.9,3.45,633.85,588212.34,210.85,PRICE_ALGO_V11
2026-02-07,Paris,44398,27147,7524,819,175.12,3.38,591.3,484275.81,193.68,PRICE_ALGO_V11
2026-02-07,New York,56584,35748,10101,1084,233.19,3.38,789.18,855466.94,257.93,PRICE_ALGO_V11
2026-02-07,Tokyo,33594,21073,5955,652,138.72,3.35,464.24,302687.5,165.46,PRICE_ALGO_V11
2026-02-07,Berlin,20436,12613,3465,378,121.05,3.4,411.57,155573.42,140.54,PRICE_ALGO_V11
2026-02-08,London,50496,31261,8627,954,184.47,3.46,637.44,608115.83,211.01,PRICE_ALGO_V11
2026-02-08,Paris,45865,28520,8065,882,173.57,3.45,599.13,528430.06,195.87,PRICE_ALGO_V11
2026-02-08,New York,59900,37435,10629,1181,230.98,3.37,779.45,920526.61,259.76,PRICE_ALGO_V11
2026-02-08,Tokyo,33006,20134,5619,628,140.9,3.37,474.25,297831.84,165.43,PRICE_ALGO_V11
2026-02-08,Berlin,21010,13002,3658,400,120.63,3.36,404.95,161978.15,141.2,PRICE_ALGO_V11
2026-02-09,London,52642,33001,9199,1011,187.63,3.41,639.06,646092.23,208.06,PRICE_ALGO_V11
2026-02-09,Paris,46697,29278,8342,918,172.91,3.41,588.84,540559.12,195.29,PRICE_ALGO_V11
2026-02-09,New York,62060,38495,10838,1215,230.15,3.46,796.53,967784.57,259.53,PRICE_ALGO_V11
2026-02-09,Tokyo,33211,20742,5782,646,138.41,3.38,467.89,302255.11,166.6,PRICE_ALGO_V11
2026-02-09,Berlin,21219,13037,3635,388,119.71,3.43,410.23,159169.64,139.78,PRICE_ALGO_V11
2026-02-10,London,53393,32792,9080,1013,187.44,3.36,630.14,638327.79,210.11,PRICE_ALGO_V11
2026-02-10,Paris,51079,31532,8727,938,176.45,3.42,603.16,565764.33,196.21,PRICE_ALGO_V11
2026-02-10,New York,63228,39298,10882,1230,228.99,3.44,788.48,969831.26,260.72,PRICE_ALGO_V11
2026-02-10,Tokyo,36222,22428,6228,687,138.43,3.38,467.91,321456.12,166.1,PRICE_ALGO_V11
2026-02-10,Berlin,23501,14435,4021,435,119.73,3.33,399.0,173563.91,139.12,PRICE_ALGO_V11
2026-02-11,London,55502,34110,9453,1027,184.89,3.42,632.07,649132.28,209.7,PRICE_ALGO_V11
2026-02-11,Paris,50981,31434,8952,1005,172.67,3.46,596.62,599606.53,196.28,PRICE_ALGO_V11
2026-02-11,New York,65427,39981,11343,1257,226.65,3.46,784.55,986175.92,257.46,PRICE_ALGO_V11
2026-02-11,Tokyo,36102,22159,6105,657,138.88,3.38,469.3,308327.51,165.91,PRICE_ALGO_V11
2026-02-11,Berlin,22431,14132,4003,431,121.41,3.44,417.43,179913.14,140.3,PRICE_ALGO_V11
2026-02-12,London,53844,33909,9603,1077,183.32,3.4,624.06,672109.56,210.81,PRICE_ALGO_V11
2026-02-12,Paris,49990,30917,8789,969,173.76,3.35,582.27,564222.65,193.96,PRICE_ALGO_V11
2026-02-12,New York,62288,37936,10608,1141,229.94,3.41,783.03,893441.99,259.99,PRICE_ALGO_V11
2026-02-12,Tokyo,35746,21725,6165,676,140.26,3.45,483.39,326771.66,165.55,PRICE_ALGO_V11
2026-02-12,Berlin,22252,13751,3921,420,120.49,3.34,401.95,168819.57,140.38,PRICE_ALGO_V11
2026-02-13,London,51318,32049,9128,993,187.67,3.4,637.7,633234.89,210.04,PRICE_ALGO_V11
2026-02-13,Paris,48452,29480,8326,922,174.15,3.38,588.95,543011.09,196.41,PRICE_ALGO_V11
2026-02-13,New York,59555,36961,10461,1130,229.55,3.41,782.17,883847.86,259.6,PRICE_ALGO_V11
2026-02-13,Tokyo,34131,20985,5952,650,140.02,3.4,476.18,309514.31,164.25,PRICE_ALGO_V11
2026-02-13,Berlin,22340,13936,3947,429,119.34,3.41,407.16,174673.52,139.44,PRICE_ALGO_V11
2026-02-14,London,49998,31351,8616,960,187.14,3.34,624.82,599823.05,210.19,PRICE_ALGO_V11
2026-02-14,Paris,44931,27306,7550,851,175.57,3.44,603.84,513868.95,195.62,PRICE_ALGO_V11
2026-02-14,New York,59928,37321,10498,1163,231.36,3.42,792.3,921447.24,260.5,PRICE_ALGO_V11
2026-02-14,Tokyo,31598,19721,5512,615,138.33,3.34,461.6,283882.11,163.95,PRICE_ALGO_V11
2026-02-14,Berlin,21387,13479,3797,414,121.16,3.41,412.97,170970.43,140.8,PRICE_ALGO_V11
2026-02-15,London,48999,30138,8412,915,184.62,3.46,638.59,584305.29,210.6,PRICE_ALGO_V11
2026-02-15,Paris,44480,27652,7599,816,176.63,3.46,610.6,498245.98,195.29,PRICE_ALGO_V11
2026-02-15,New York,58364,35482,9890,1093,233.02,3.4,791.49,865099.49,262.5,PRICE_ALGO_V11
2026-02-15,Tokyo,32441,19793,5574,602,138.54,3.33,461.7,277941.46,163.4,PRICE_ALGO_V11
2026-02-15,Berlin,21450,13097,3735,400,121.33,3.33,404.57,161826.46,138.96,PRICE_ALGO_V11
2026-02-16,London,52912,32467,9175,990,182.5,3.43,625.81,619553.46,211.15,PRICE_ALGO_V11
2026-02-16,Paris,49365,30887,8504,942,176.1,3.46,609.09,573762.11,194.85,PRICE_ALGO_V11
2026-02-16,New York,59799,37763,10665,1138,226.65,3.44,780.4,888092.41,260.78,PRICE_ALGO_V11
2026-02-16,Tokyo,32856,20216,5712,615,141.52,3.34,472.68,290699.46,164.95,PRICE_ALGO_V11
2026-02-16,Berlin,21766,13535,3780,420,118.72,3.38,401.45,168607.29,140.83,PRICE_ALGO_V11
2026-02-17,London,54659,34064,9506,1038,186.59,3.44,641.62,666005.74,211.87,PRICE_ALGO_V11
2026-02-17,Paris,50143,30830,8480,959,176.07,3.38,594.61,570227.6,196.28,PRICE_ALGO_V11
2026-02-17,New York,63921,40387,11458,1268,228.68,3.45,789.58,1001188.09,259.63,PRICE_ALGO_V11
2026-02-17,Tokyo,34980,21847,6142,691,141.29,3.33,470.82,325333.44,164.28,PRICE_ALGO_V11
2026-02-17,Berlin,22426,13861,3894,436,121.39,3.45,418.24,182354.27,138.72,PRICE_ALGO_V11
2026-02-18,London,55894,35163,9873,1071,186.95,3.43,640.32,685784.08,211.29,PRICE_ALGO_V11
2026-02-18,Paris,52006,32046,8823,973,176.56,3.43,606.32,589945.36,193.83,PRICE_ALGO_V11
2026-02-18,New York,66183,40596,11415,1269,229.76,3.37,773.52,981600.12,258.47,PRICE_ALGO_V11
2026-02-18,Tokyo,36373,22814,6377,684,141.29,3.36,475.24,325067.5,165.9,PRICE_ALGO_V11
2026-02-18,Berlin,23219,14624,4157,457,119.92,3.36,402.64,184008.28,140.25,PRICE_ALGO_V11
2026-02-19,London,51820,31718,8952,976,185.36,3.4,630.65,615514.24,209.59,PRICE_ALGO_V11
2026-02-19,Paris,47664,29013,8285,904,172.93,3.44,594.73,537633.45,195.52,PRICE_ALGO_V11
2026-02-19,New York,60608,37723,10496,1155,226.69,3.47,785.87,907681.93,257.57,PRICE_ALGO_V11
2026-02-19,Tokyo,35754,22155,6220,674,141.17,3.46,488.56,329289.04,164.76,PRICE_ALGO_V11
2026-02-19,Berlin,22957,14414,4110,445,118.34,3.36,397.21,176756.39,139.16,PRICE_ALGO_V11
2026-02-20,London,49177,29942,8403,944,184.77,3.46,638.51,602756.68,211.88,PRICE_ALGO_V11
2026-02-20,Paris,45321,28209,7866,845,177.41,3.41,604.75,511017.23,194.05,PRICE_ALGO_V11
2026-02-20,New York,60348,38098,10739,1173,229.64,3.46,795.33,932927.72,258.23,PRICE_ALGO_V11
2026-02-20,Tokyo,34570,21194,5824,631,139.38,3.46,481.56,303861.57,166.33,PRICE_ALGO_V11
2026-02-20,Berlin,22103,13455,3810,424,120.53,3.34,402.51,170665.8,141.36,PRICE_ALGO_V11
2026-02-21,London,48059,30100,8576,953,183.88,3.44,631.65,601965.08,210.38,PRICE_ALGO_V11
2026-02-21,Paris,44218,27222,7548,811,174.9,3.36,588.45,477229.07,193.71,PRICE_ALGO_V11
2026-02-21,New York,56369,35197,9663,1076,227.9,3.46,788.1,847998.36,257.59,PRICE_ALGO_V11
2026-02-21,Tokyo,31619,19944,5666,637,138.49,3.35,463.27,295100.05,164.83,PRICE_ALGO_V11
2026-02-21,Berlin,21645,13603,3828,419,119.42,3.4,405.67,169977.44,140.9,PRICE_ALGO_V11
2026-02-22,London,50479,30849,8541,914,186.19,3.35,624.04,570369.45,210.22,PRICE_ALGO_V11
2026-02-22,Paris,47491,29169,8138,876,173.8,3.38,587.0,514214.29,196.32,PRICE_ALGO_V11
2026-02-22,New York,57057,35362,9829,1107,227.34,3.34,759.25,840486.64,262.49,PRICE_ALGO_V11
2026-02-22,Tokyo,33703,21036,5822,639,139.1,3.36,467.3,298606.44,164.2,PRICE_ALGO_V11
2026-02-22,Berlin,20910,13218,3774,425,118.55,3.45,409.46,174021.39,139.41,PRICE_ALGO_V11
2026-02-23,London,50159,31380,8713,985,182.31,3.38,615.92,606683.93,211.29,PRICE_ALGO_V11
2026-02-23,Paris,46618,28327,8036,885,173.35,3.46,599.1,530207.6,194.75,PRICE_ALGO_V11
2026-02-23,New York,59625,37072,10229,1103,231.87,3.36,778.78,858995.25,261.1,PRICE_ALGO_V11
2026-02-23,Tokyo,32855,20033,5633,619,139.05,3.42,474.9,293961.45,164.03,PRICE_ALGO_V11
2026-02-23,Berlin,22365,14039,3943,425,118.44,3.39,401.2,170511.79,140.65,PRICE_ALGO_V11
2026-02-24,London,54990,33487,9492,1033,186.9,3.4,635.27,656238.36,211.53,PRICE_ALGO_V11
2026-02-24,Paris,47942,30211,8451,950,173.77,3.45,598.67,568731.76,193.78,PRICE_ALGO_V11
2026-02-24,New York,62710,38356,10684,1181,226.58,3.39,768.71,907843.74,260.1,PRICE_ALGO_V11
2026-02-24,Tokyo,35373,21598,6099,683,141.53,3.43,485.28,331448.98,164.41,PRICE_ALGO_V11
2026-02-24,Berlin,22643,14179,3900,438,121.63,3.4,413.78,181234.69,139.99,PRICE_ALGO_V11
2026-02-25,London,54667,33944,9322,1054,183.47,3.35,613.87,647021.48,208.67,PRICE_ALGO_V11
2026-02-25,Paris,49334,30975,8509,913,176.04,3.33,587.0,535934.66,193.81,PRICE_ALGO_V11
2026-02-25,New York,64482,40101,11238,1251,227.26,3.43,779.39,975020.8,261.92,PRICE_ALGO_V11
2026-02-25,Tokyo,34359,20981,5873,646,139.07,3.39,471.07,304310.24,163.75,PRICE_ALGO_V11
2026-02-25,Berlin,22402,13940,3959,426,120.26,3.35,403.4,171848.98,140.69,PRICE_ALGO_V11
2026-02-26,London,54513,34389,9586,1049,186.89,3.39,632.76,663763.08,210.11,PRICE_ALGO_V11
2026-02-26,Paris,50772,31827,8854,958,174.13,3.47,603.45,578107.61,194.75,PRICE_ALGO_V11
2026-02-26,New York,63840,40234,11407,1280,226.92,3.46,785.66,1005640.23,260.09,PRICE_ALGO_V11
2026-02-26,Tokyo,35944,22061,6157,682,139.43,3.34,465.9,317741.23,165.1,PRICE_ALGO_V11
2026-02-26,Berlin,22356,13863,3807,409,121.69,3.46,420.98,172180.96,140.77,PRICE_ALGO_V11
2026-02-27,London,51414,32271,9174,1032,182.42,3.37,614.4,634063.66,210.59,PRICE_ALGO_V11
2026-02-27,Paris,47629,29262,8207,925,175.64,3.4,597.65,552825.76,194.03,PRICE_ALGO_V11
2026-02-27,New York,59360,37466,10401,1130,231.02,3.41,788.42,890918.26,258.03,PRICE_ALGO_V11
2026-02-27,Tokyo,34476,21386,5932,651,140.14,3.35,469.32,305524.25,163.84,PRICE_ALGO_V11
2026-02-27,Berlin,20888,12843,3582,389,119.08,3.41,405.61,157782.0,138.85,PRICE_ALGO_V11
2026-02-28,London,50809,31640,8884,986,183.34,3.39,622.39,613672.73,210.88,PRICE_ALGO_V11
2026-02-28,Paris,45835,28545,7982,868,173.65,3.4,590.69,512721.74,193.91,PRICE_ALGO_V11
2026-02-28,New York,57484,35762,9817,1070,232.5,3.41,792.28,847740.36,258.64,PRICE_ALGO_V11
2026-02-28,Tokyo,32320,19865,5670,616,141.14,3.34,471.57,290487.43,163.87,PRICE_ALGO_V11
2026-02-28,Berlin,21549,13328,3666,400,119.78,3.35,400.9,160359.48,140.66,PRICE_ALGO_V11
2026-03-01,London,48868,30854,8721,939,184.1,3.42,630.31,591865.38,209.38,PRICE_ALGO_V11
2026-03-01,Paris,46552,29266,8299,913,176.25,3.44,605.49,552809.61,195.95,PRICE_ALGO_V11
2026-03-01,New York,58499,36682,10356,1167,227.43,3.33,757.92,884497.82,261.93,PRICE_ALGO_V11
2026-03-01,Tokyo,33365,20757,5811,656,140.3,3.44,482.44,316481.05,164.73,PRICE_ALGO_V11
2026-03-01,Berlin,21770,13555,3777,414,119.85,3.37,404.11,167301.3,140.62,PRICE_ALGO_V11
2026-03-02,London,51545,32028,8926,971,186.59,3.4,634.41,616007.97,211.47,PRICE_ALGO_V11
2026-03-02,Paris,47785,29252,8126,874,175.4,3.34,586.52,512615.87,195.32,PRICE_ALGO_V11
2026-03-02,New York,63050,38815,11017,1236,233.17,3.39,790.43,976971.72,258.46,PRICE_ALGO_V11
2026-03-02,Tokyo,35116,21345,5868,647,139.99,3.44,481.17,311316.12,166.39,PRICE_ALGO_V11
2026-03-02,Berlin,22067,13954,3909,430,120.67,3.38,407.93,175410.82,139.69,PRICE_ALGO_V11
2026-03-03,London,54442,33553,9563,637,212.91,3.38,720.26,458806.57,208.32,PRICE_ALGO_V12
2026-03-03,Paris,49480,30752,8636,971,177.44,3.39,601.85,584393.29,194.95,PRICE_ALGO_V11
2026-03-03,New York,64016,40477,11262,1241,232.18,3.38,783.67,972529.79,258.29,PRICE_ALGO_V11
2026-03-03,Tokyo,36681,23038,6453,693,141.66,3.44,487.81,338051.79,165.63,PRICE_ALGO_V11
2026-03-03,Berlin,23756,14957,4174,449,119.24,3.4,405.51,182073.07,140.03,PRICE_ALGO_V11
2026-03-04,London,53174,32549,9161,608,211.81,3.42,724.1,440250.66,212.07,PRICE_ALGO_V12
2026-03-04,Paris,48496,29960,8485,922,176.0,3.37,593.72,547412.97,193.07,PRICE_ALGO_V11
2026-03-04,New York,65724,40889,11525,1244,229.99,3.37,774.63,963641.41,260.28,PRICE_ALGO_V11
2026-03-04,Tokyo,36076,22395,6395,706,139.63,3.35,468.21,330558.28,163.75,PRICE_ALGO_V11
2026-03-04,Berlin,23551,14371,3959,426,120.08,3.42,410.12,174711.47,140.9,PRICE_ALGO_V11
2026-03-05,London,54431,33156,9102,610,211.62,3.38,715.3,436332.25,210.9,PRICE_ALGO_V12
2026-03-05,Paris,47744,29324,8079,910,175.43,3.39,595.27,541697.08,194.41,PRICE_ALGO_V11
2026-03-05,New York,61753,37604,10693,1182,233.17,3.42,796.59,941573.54,259.69,PRICE_ALGO_V11
2026-03-05,Tokyo,34040,20719,5901,662,139.22,3.44,479.34,317320.79,166.32,PRICE_ALGO_V11
2026-03-05,Berlin,22124,13773,3927,431,121.62,3.39,411.68,177434.8,139.28,PRICE_ALGO_V11
2026-03-06,London,51761,31734,8817,595,212.65,3.37,715.59,425776.05,211.23,PRICE_ALGO_V12
2026-03-06,Paris,45731,28192,7794,881,173.9,3.35,582.16,512879.31,195.24,PRICE_ALGO_V11
2026-03-06,New York,59837,36929,10300,1103,227.4,3.38,768.56,847723.86,261.69,PRICE_ALGO_V11
2026-03-06,Tokyo,32583,19951,5537,599,138.05,3.38,466.38,279362.45,165.54,PRICE_ALGO_V11
2026-03-06,Berlin,20930,13083,3603,390,121.21,3.39,411.17,160354.74,138.96,PRICE_ALGO_V11
2026-03-07,London,50796,31877,8803,575,214.17,3.46,741.53,426379.51,209.48,PRICE_ALGO_V12
2026-03-07,Paris,44593,28146,7882,852,174.75,3.43,599.06,510401.37,193.56,PRICE_ALGO_V11
2026-03-07,New York,56915,35851,10073,1099,228.25,3.36,767.12,843069.06,260.56,PRICE_ALGO_V11
2026-03-07,Tokyo,33306,20338,5697,628,139.04,3.38,470.54,295501.3,165.9,PRICE_ALGO_V11
2026-03-07,Berlin,21191,13173,3660,399,118.51,3.45,408.59,163027.54,139.1,PRICE_ALGO_V11
2026-03-08,London,49251,30734,8470,561,211.87,3.37,714.49,400830.97,210.0,PRICE_ALGO_V12
2026-03-08,Paris,44521,27394,7586,815,176.14,3.39,596.55,486191.02,194.15,PRICE_ALGO_V11
2026-03-08,New York,60532,37942,10786,1212,227.46,3.34,758.82,919687.55,258.84,PRICE_ALGO_V11
2026-03-08,Tokyo,33140,20681,5756,629,140.67,3.37,473.46,297805.4,165.66,PRICE_ALGO_V11
2026-03-08,Berlin,21726,13390,3768,406,118.61,3.43,407.07,165268.83,141.16,PRICE_ALGO_V11
2026-03-09,London,52884,32185,8845,571,210.82,3.38,713.38,407339.41,209.17,PRICE_ALGO_V12
2026-03-09,Paris,46230,28445,8008,863,176.78,3.43,606.27,523209.16,195.27,PRICE_ALGO_V11
2026-03-09,New York,59802,36980,10430,1136,226.56,3.44,778.81,884729.77,261.74,PRICE_ALGO_V11
2026-03-09,Tokyo,33418,20340,5775,639,138.1,3.35,462.23,295367.3,164.16,PRICE_ALGO_V11
2026-03-09,Berlin,22512,13795,3926,438,118.51,3.39,401.22,175734.36,140.55,PRICE_ALGO_V11
2026-03-10,London,55102,34612,9606,618,215.6,3.46,745.65,460812.08,209.68,PRICE_ALGO_V12
2026-03-10,Paris,50640,31696,8992,996,174.75,3.43,598.87,596473.44,193.26,PRICE_ALGO_V11
2026-03-10,New York,63021,39091,11132,1197,231.81,3.43,794.54,951059.87,257.63,PRICE_ALGO_V11
2026-03-10,Tokyo,36193,22225,6234,705,140.58,3.37,473.18,333590.61,165.14,PRICE_ALGO_V11
2026-03-10,Berlin,22054,13595,3793,409,119.32,3.43,409.04,167297.26,138.98,PRICE_ALGO_V11
2026-03-11,London,55277,33912,9397,620,212.4,3.38,717.87,445077.17,211.83,PRICE_ALGO_V12
2026-03-11,Paris,49531,31181,8605,950,174.13,3.41,593.17,563513.51,196.23,PRICE_ALGO_V11
2026-03-11,New York,65306,39953,11261,1246,229.73,3.45,791.44,986129.53,261.38,PRICE_ALGO_V11
2026-03-11,Tokyo,34557,21244,5915,639,138.15,3.36,464.03,296515.58,164.28,PRICE_ALGO_V11
2026-03-11,Berlin,23444,14505,3998,435,119.89,3.35,402.2,174959.09,139.62,PRICE_ALGO_V11
2026-03-12,London,51308,31188,8904,596,210.09,3.47,728.04,433913.72,210.91,PRICE_ALGO_V12
2026-03-12,Paris,49291,30082,8419,922,173.37,3.33,577.87,532795.75,195.17,PRICE_ALGO_V11
2026-03-12,New York,64415,40168,11304,1275,231.05,3.37,777.6,991437.74,258.71,PRICE_ALGO_V11
2026-03-12,Tokyo,33733,20519,5808,651,139.14,3.42,475.7,309683.8,163.96,PRICE_ALGO_V11
2026-03-12,Berlin,23098,14565,4024,450,121.19,3.38,409.19,184134.28,140.68,PRICE_ALGO_V11
2026-03-13,London,49588,31144,8657,566,213.08,3.45,734.06,415479.58,209.45,PRICE_ALGO_V12
2026-03-13,Paris,45979,27983,7856,870,176.68,3.46,610.44,531085.77,195.8,PRICE_ALGO_V11
2026-03-13,New York,61800,38307,10725,1155,228.62,3.34,764.25,882704.82,260.42,PRICE_ALGO_V11
2026-03-13,Tokyo,33762,20650,5768,652,138.28,3.39,469.0,305789.74,163.48,PRICE_ALGO_V11
2026-03-13,Berlin,20990,13129,3603,404,121.28,3.39,411.12,166092.28,140.8,PRICE_ALGO_V11
2026-03-14,London,48607,30331,8497,558,211.72,3.42,724.63,404344.56,209.74,PRICE_ALGO_V12
2026-03-14,Paris,46851,29517,8153,885,174.7,3.38,590.38,522483.05,195.25,PRICE_ALGO_V11
2026-03-14,New York,56612,34516,9596,1053,233.25,3.45,804.65,847294.87,262.13,PRICE_ALGO_V11
2026-03-14,Tokyo,33570,21197,5963,668,138.15,3.41,471.77,315140.81,165.58,PRICE_ALGO_V11
2026-03-14,Berlin,20587,12800,3648,400,120.53,3.38,407.24,162894.72,139.44,PRICE_ALGO_V11
2026-03-15,London,51506,31330,8663,577,212.41,3.42,726.84,419388.65,208.26,PRICE_ALGO_V12
2026-03-15,Paris,45651,28395,7924,873,175.34,3.35,586.96,512414.62,194.6,PRICE_ALGO_V11
2026-03-15,New York,57117,35964,10089,1083,232.5,3.34,777.69,842237.66,258.72,PRICE_ALGO_V11
2026-03-15,Tokyo,32751,20103,5626,620,138.85,3.35,464.79,288168.25,165.24,PRICE_ALGO_V11
2026-03-15,Berlin,21162,13166,3624,396,118.46,3.45,408.64,161819.6,139.83,PRICE_ALGO_V11
2026-03-16,London,52210,32648,9235,595,215.88,3.35,722.32,429777.43,210.93,PRICE_ALGO_V12
2026-03-16,Paris,49268,30414,8403,949,175.33,3.35,587.46,557504.0,196.07,PRICE_ALGO_V11
2026-03-16,New York,62347,37971,10519,1148,226.65,3.36,761.78,874527.17,260.49,PRICE_ALGO_V11
2026-03-16,Tokyo,33455,20914,5838,657,140.51,3.41,478.93,314659.25,166.23,PRICE_ALGO_V11
2026-03-16,Berlin,22734,14304,3951,441,119.43,3.42,408.99,180364.92,140.74,PRICE_ALGO_V11
2026-03-17,London,55440,33854,9430,631,215.61,3.34,719.69,454122.29,210.93,PRICE_ALGO_V12
2026-03-17,Paris,50290,30680,8607,963,172.97,3.42,592.21,570301.38,196.66,PRICE_ALGO_V11
2026-03-17,New York,62140,38053,10632,1193,230.56,3.33,768.89,917283.33,257.99,PRICE_ALGO_V11
2026-03-17,Tokyo,34228,21476,5937,655,139.12,3.38,470.75,308339.17,165.62,PRICE_ALGO_V11
2026-03-17,Berlin,22209,13976,3919,435,121.11,3.33,403.76,175637.39,141.26,PRICE_ALGO_V11
2026-03-18,London,53847,32918,9217,621,214.67,3.36,720.59,447489.12,208.05,PRICE_ALGO_V12
2026-03-18,Paris,51621,32234,8986,987,173.21,3.39,586.39,578766.6,196.35,PRICE_ALGO_V11
2026-03-18,New York,65882,41027,11292,1229,228.04,3.41,778.11,956299.51,262.05,PRICE_ALGO_V11
2026-03-18,Tokyo,34355,21018,5852,642,140.32,3.38,474.31,304505.63,164.63,PRICE_ALGO_V11
2026-03-18,Berlin,22160,13782,3833,409,119.85,3.34,400.09,163637.96,141.36,PRICE_ALGO_V11
2026-03-19,London,51622,32224,8940,582,212.75,3.41,725.35,422150.99,209.0,PRICE_ALGO_V12
2026-03-19,Paris,49151,31030,8859,947,175.32,3.45,604.96,572898.11,196.06,PRICE_ALGO_V11
2026-03-19,New York,63690,39698,11175,1219,228.49,3.45,788.46,961134.14,261.54,PRICE_ALGO_V11
2026-03-19,Tokyo,35956,22454,6237,696,141.01,3.42,482.01,335481.33,165.03,PRICE_ALGO_V11
2026-03-19,Berlin,22208,13796,3848,412,119.41,3.47,413.94,170543.13,139.5,PRICE_ALGO_V11
2026-03-20,London,50796,31326,8681,563,211.79,3.33,705.89,397413.31,208.47,PRICE_ALGO_V12
2026-03-20,Paris,48352,29922,8359,923,173.96,3.34,581.21,536459.36,193.71,PRICE_ALGO_V11
2026-03-20,New York,58728,36132,10208,1126,233.02,3.46,805.61,907117.88,259.17,PRICE_ALGO_V11
2026-03-20,Tokyo,33484,20411,5641,623,142.05,3.44,488.26,304187.66,164.53,PRICE_ALGO_V11
2026-03-20,Berlin,21399,13462,3704,407,121.44,3.37,408.88,166414.45,139.37,PRICE_ALGO_V11
2026-03-21,London,47577,29101,8072,539,210.95,3.36,708.64,381957.18,209.58,PRICE_ALGO_V12
2026-03-21,Paris,46036,28957,8155,880,176.23,3.41,601.6,529404.58,196.81,PRICE_ALGO_V11
2026-03-21,New York,56073,35195,10002,1089,227.49,3.41,774.62,843560.14,258.38,PRICE_ALGO_V11
2026-03-21,Tokyo,33314,20770,5913,639,139.27,3.42,476.35,304385.69,165.82,PRICE_ALGO_V11
2026-03-21,Berlin,20769,12968,3607,386,119.69,3.42,409.01,157876.62,138.73,PRICE_ALGO_V11
2026-03-22,London,49305,30562,8590,558,212.52,3.46,734.85,410044.67,207.96,PRICE_ALGO_V12
2026-03-22,Paris,46360,29303,8059,892,176.18,3.34,589.26,525619.76,194.33,PRICE_ALGO_V11
2026-03-22,New York,57003,34836,9858,1057,232.17,3.41,790.59,835651.04,259.6,PRICE_ALGO_V11
2026-03-22,Tokyo,32902,20444,5760,637,139.29,3.37,469.0,298751.02,165.8,PRICE_ALGO_V11
2026-03-22,Berlin,21497,13468,3812,414,120.98,3.39,410.57,169974.34,141.34,PRICE_ALGO_V11
2026-03-23,London,51077,31697,9031,582,209.62,3.42,717.12,417366.71,209.9,PRICE_ALGO_V12
2026-03-23,Paris,49052,30244,8634,934,176.35,3.34,588.26,549433.77,193.4,PRICE_ALGO_V11
2026-03-23,New York,59214,36066,10099,1114,227.8,3.38,770.37,858194.26,262.29,PRICE_ALGO_V11
2026-03-23,Tokyo,33046,20224,5716,644,138.58,3.44,476.42,306811.87,163.45,PRICE_ALGO_V11
2026-03-23,Berlin,21546,13616,3812,422,119.44,3.39,405.45,171097.88,140.84,PRICE_ALGO_V11
2026-03-24,London,53271,33561,9249,618,209.98,3.39,711.12,439470.35,210.61,PRICE_ALGO_V12
2026-03-24,Paris,51329,31263,8776,960,177.2,3.42,605.55,581323.23,196.74,PRICE_ALGO_V11
2026-03-24,New York,61985,38049,10552,1156,228.15,3.44,783.74,906003.0,258.46,PRICE_ALGO_V11
2026-03-24,Tokyo,35732,21975,6274,678,140.29,3.45,483.92,328097.8,163.87,PRICE_ALGO_V11
2026-03-24,Berlin,23535,14455,4088,458,119.22,3.4,405.1,185537.79,139.53,PRICE_ALGO_V11
2026-03-25,London,56240,34396,9701,644,212.45,3.45,733.39,472305.17,210.33,PRICE_ALGO_V12
2026-03-25,Paris,49171,30953,8618,963,176.91,3.45,610.24,587663.62,193.76,PRICE_ALGO_V11
2026-03-25,New York,66505,40899,11233,1206,233.27,3.46,806.19,972260.58,257.45,PRICE_ALGO_V11
2026-03-25,Tokyo,34661,21692,5975,644,140.77,3.38,475.54,306246.49,163.65,PRICE_ALGO_V11
2026-03-25,Berlin,23844,14911,4238,479,118.32,3.44,406.98,194945.02,139.26,PRICE_ALGO_V11
2026-03-26,London,53933,32820,9191,596,212.31,3.33,707.98,421956.38,208.34,PRICE_ALGO_V12
2026-03-26,Paris,50966,31366,8915,958,174.93,3.39,593.07,568163.58,193.58,PRICE_ALGO_V11
2026-03-26,New York,60722,37926,10469,1168,230.01,3.38,777.44,908046.13,257.98,PRICE_ALGO_V11
2026-03-26,Tokyo,34727,21891,6092,658,141.96,3.43,487.14,320540.44,166.26,PRICE_ALGO_V11
2026-03-26,Berlin,22069,13506,3746,401,118.36,3.39,400.93,160772.84,140.02,PRICE_ALGO_V11
2026-03-27,London,51102,31509,8649,577,213.73,3.41,728.09,420108.75,210.18,PRICE_ALGO_V12
2026-03-27,Paris,47673,30127,8561,954,174.47,3.39,591.28,564084.71,194.29,PRICE_ALGO_V11
2026-03-27,New York,61934,38225,10653,1165,227.54,3.33,758.32,883438.1,262.59,PRICE_ALGO_V11
2026-03-27,Tokyo,33549,21155,5865,649,139.48,3.36,468.52,304070.93,164.14,PRICE_ALGO_V11
2026-03-27,Berlin,20861,13111,3712,418,118.38,3.38,399.66,167057.25,140.54,PRICE_ALGO_V11
2026-03-28,London,50043,31087,8640,586,209.56,3.45,722.59,423440.22,211.03,PRICE_ALGO_V12
2026-03-28,Paris,45697,28436,8119,878,175.68,3.38,594.42,521898.04,195.95,PRICE_ALGO_V11
2026-03-28,New York,59011,36430,10211,1130,231.22,3.42,790.21,892938.0,259.08,PRICE_ALGO_V11
2026-03-28,Tokyo,32454,19898,5596,606,141.72,3.43,486.11,294580.94,164.91,PRICE_ALGO_V11
2026-03-28,Berlin,20964,12985,3595,386,121.54,3.4,413.63,159659.67,140.08,PRICE_ALGO_V11
2026-03-29,London,50077,31436,8710,563,214.8,3.42,734.44,413489.89,209.83,PRICE_ALGO_V12
2026-03-29,Paris,47331,29807,8468,905,174.38,3.44,600.42,543376.96,196.3,PRICE_ALGO_V11
2026-03-29,New York,56847,34757,9635,1034,229.01,3.4,779.3,805798.24,261.58,PRICE_ALGO_V11
2026-03-29,Tokyo,32547,19846,5533,626,140.82,3.4,478.37,299459.62,164.83,PRICE_ALGO_V11
2026-03-29,Berlin,21644,13558,3743,416,119.52,3.36,402.11,167276.25,140.06,PRICE_ALGO_V11
2026-03-30,London,51462,31702,8834,566,210.84,3.34,704.18,398564.01,210.3,PRICE_ALGO_V12
2026-03-30,Paris,46765,29247,8115,883,173.64,3.34,580.74,512793.99,196.3,PRICE_ALGO_V11
2026-03-30,New York,61664,38780,10728,1174,232.02,3.38,784.81,921363.06,260.61,PRICE_ALGO_V11
2026-03-30,Tokyo,32759,20263,5643,628,139.14,3.42,475.88,298852.8,164.7,PRICE_ALGO_V11
2026-03-30,Berlin,22547,13896,3873,428,121.53,3.46,420.99,180184.0,139.14,PRICE_ALGO_V11
2026-03-31,London,54948,33893,9552,623,210.01,3.38,710.59,442698.37,211.08,PRICE_ALGO_V12
2026-03-31,Paris,49979,30982,8814,984,172.51,3.39,585.65,576282.49,195.36,PRICE_ALGO_V11
2026-03-31,New York,63192,39711,11081,1216,232.69,3.4,790.88,961711.77,259.69,PRICE_ALGO_V11
2026-03-31,Tokyo,35362,22209,6260,698,139.59,3.42,478.01,333651.01,163.48,PRICE_ALGO_V11
2026-03-31,Berlin,22958,14387,4071,437,118.99,3.44,409.72,179047.35,138.82,PRICE_ALGO_V11
